[{"model": "app_shop.shop", "pk": 1, "fields": {"name": "Samsung", "about": "Samsung Electronics – ведущий производитель смартфонов, интегральных микросхем, телекоммуникационного оборудования, бытовой техники, аудио- и видеоустройств.\n\nSamsung следует простой философии бизнеса: использовать человеческие и технологические ресурсы компании для создания товаров и услуг превосходного качества, осуществляя тем самым свой вклад в улучшение состояния общества во всем мире.", "logo": "logos/samsung.png"}}, {"model": "app_shop.shop", "pk": 2, "fields": {"name": "LG", "about": "Компания LG Electronics Inc. - признанный лидер в области электроники и телекоммуникаций. Компания имеет 72 подразделения по всему миру и насчитывает 56 215 сотрудников: 30 840 в Корее и 25 375 за пределами страны.\r\n\r\nКомпания была основана 1 октября 1958 года. Основной продукцией компании является производство цифровых телевизоров, приводов CD-ROM и DVD-ROM, мониторов, компьютеров, плазменных дисплеев, кинескопов для мониторов и телевизоров, средств мобильной связи.\r\n\r\nСледуя новым веяниям цифровой эры, компания LG Electronics интенсивно расширяет и укрепляет партнерские отношения с ведущими мировыми производителями в области новейших технологий или определенных сфер производства, устанавливая стратегически важные связи. В первую очередь, главной целью нового стратегического менеджмента в цифровую эпоху, становится необходимость всегда быть первыми на рынке инноваций, при этом поддерживая высочайшее качество производимой продукции, иными словами - построение идеальной индустриальной модели. Исходя из вышесказанного, LG Electronics уделяет особое внимание упрочению партнерских отношений в области цифровых технологий и телевизоров. Благодаря организации совместного производства, многосторонним связям и взаимовыгодной кооперации LG Electronics создает все условия для решающего прорыва в абсолютные мировые лидеры.\r\n\r\nОфициальный сайт компании: www.lg.ru", "logo": "logos/lg.jpg"}}, {"model": "app_shop.shop", "pk": 3, "fields": {"name": "Tefal", "about": "Tefal - мировой лидер в производстве посуды с антипригарным покрытием. Но это еще не все... Tefal является всемирной торговой маркой Группы SEB, мирового лидера в производстве мелкой бытовой техники с продукцией, представленной более чем в 120 странах.\r\n\r\nВ 1954, Tefal изобретает сковороду с антипригарным покрытием и тем самым создает новую категорию - посуду с антипригарным покрытием. Теперь процесс приготовления пищи стал намного проще. С этого момента компания встала на путь постоянного совершенствования и инноваций.\r\n\r\nНа протяжении многих лет, посредством собственного роста и приобретений, Tefal превратился в ведущего мирового производителя посуды с антипригарным покрытием и мирового лидера по производству скороварок, кухонных электроприборов, приборов по приготовлению пищи и напитков, утюгов и весов.\r\n\r\nTefal стремится предлагать уникальную продукцию, которая способна сделать процесс приготовления пищи намного проще и эффективней, равно как и глажение легче и быстрее.\r\n\r\nTefal стремится к пониманию потребностей и нужд потребителей и постоянному внесению инновационных решений. В истории компании Tefal прослеживаются яркие страницы изобретательских и инновационных идей мирового масштаба.\r\n\r\nДизайн продукции Tefal передает индивидуальность торговой марки. Вся продукция компании: современна и всегда модна, является неотъемлемой частью Вашей жизни и Вашего дома, стимулирует спрос и проста в использовании, богатый опыт для потребителей.\r\n\r\nTefal разрабатывает продукцию для Вашего дома. Компания не останавливается на достигнутом и стремится к тому, чтобы продукция Tefal максимально соответствовала потребностям покупателей и позволяла им получать удовольствие от использования этой продукции, особенно, при приготовлении пищи.\r\n\r\nСемья и друзья - неотъемлемая часть жизни. Приготовление пищи - одно из самых больших удовольствий. Кухня - одно из самых любимых мест в доме. Именно поэтому Tefal стремится предложить кулинарные рецепты, советы и различные кухонные приспособления для наибольшего наслаждения этими приятными моментами.\r\n\r\nОфициальный сайт компании: www.tefal.com", "logo": "logos/tefal.png"}}, {"model": "app_shop.shop", "pk": 4, "fields": {"name": "Philips", "about": "Philips - голландская компания с широчайшим ассортиментом технологичных товаров, которые улучшают качество жизни людей благодаря значимым инновациям. Наше производство делится на три основных направления: световые решения, потребительские товары и здравоохранение. Компания занимает лидирующие позиции в области энергоэффективных светотехнических решений и инновационных систем освещения, электробритв и средств личной гигиены, приборов и средств для ухода за полостью рта.\r\nПродукцию с логотипом Philips можно найти в миллионах домов. Синяя надпись из семи букв и эмблема со звездами и волнами узнаваемы во всем мире. Более 120 лет компания Philips росла и развивалась, становясь ведущим производителем товаров, которому доверяют во всем мире. Фирменный стиль компании, созданный еще в начале XX века, сохраняет свое значение и смысл и сегодня.\r\nИстория Philips начинается в 1891 году, когда Жерар Филипс вместе со своим отцом Фредериком Филипсом основали компанию Philips & Co в городе Эйндховен, Нидерланды. Несколько лет спустя, в 1895 году, брат Жерара, Антон Филипс, доказал свой талант великого коммерсанта, укрепив положение молодой компании на мировом рынке: спустя два года Philips становится одним из крупнейших мировых производителей ламп накаливания.\r\nНачавшаяся в Европе промышленная революция послужила толчком к созданию первой научно-исследовательской лаборатории Philips, которая открывается в 1914 году. Компания начинает представлять свои первые инновационные проекты в области радиовещания и рентгеновских технологий.\r\nВ последующие годы компания совершает множество научных открытий, продолжая пополнять список своих изобретений и стремясь улучшить повседневную жизнь людей.", "logo": "logos/philips.jpg"}}, {"model": "app_shop.shop", "pk": 5, "fields": {"name": "JBL", "about": "Бренд JBL создает потрясающий звук, который является поистине легендарным и наполняет главные моменты жизни. 1946 год стал отправной точкой, когда инженер и мечтатель Джеймс Буллоу Лэнсинг основал бренд, определив во многом будущее музыкальной и развлекательной индустрий. На протяжении 75 лет история бренда JBL наполнялась яркими моментами триумфа, которые остались в памяти целых поколений: от легендарного Вудстока и концертов в «Мэдисон-сквер-гарден» до игр на стадионе «Янки-стэдиум». Миссия бренда – передать чистый звук таким, каким его задумали музыканты. Продукты, многократно отмеченные наградами за качество и дизайн, дарят новые ощущения и позволяют слушателям насладиться каждым мгновением.\r\n\r\nНаследие бренда несёт за собой неоспоримо впечатляющее звучание из кинотеатральных залов на спортивные арены, из джаз-клубов на концертные площадки, из звукозаписывающих студий в наушники и портативные акустические системы. Сегодня устройствами JBL оснащено более половины всех кинотеатров, стадионов и концертных залов мира, продано более 100 млн. портативных акустических систем. JBL признан одним из самых быстрорастущих брендов в категории «Наушников».", "logo": "logos/jbl.jpg"}}, {"model": "app_shop.shop", "pk": 6, "fields": {"name": "DeLonghi", "about": "Итальянская фирма De'Longhi начала свою деятельность в 1902 г. как мастерская по изготовлению запчастей для дровяных, а в последствии и газовых плит, превратившись со временем в фирму по производству технических разработок для крупнейших мировых торговых марок.\r\nВ начале 60-х годов на фирму пришел менеджер по маркетингу Джузеппе Де'Лонги (Giuzeppe De'Longhi), с которого и началась основная работа по производству сначала климатической, а затем и бытовой техники. Им была выкуплена основная часть акций.\r\nЗатем фирма была переименована в De'Longhi. В начале 70-х годов были куплены заводы-производители радиаторов, а в 1975 г. был выпущен первый маслонаполненный радиатор. В середине 80-х годов было куплено несколько заводов, производящих мелкобытовую технику.\r\nB 2001 году фирма De'Longhi приобрела торговую марку Kenwood, которая несколькими годами раньше купила торговую марку Ariete. Таким образом, компания De'Longhi владеет двумя крупными торговыми марками Kenwood и Ariete. Фирма De'Longhi является семейной, но акции компании котируются на миланской бирже уже несколько лет.\r\nГ-н Джузеппе Де'Лонги и по сей день возглавляет Компанию, постепенно передавая бразды правления своему сыну Г-ну Фабио Де'Лонги.\r\nУже много лет фирма De'Longhi является мировым лидером по производству обогревателей и мобильных кондиционеров, а также одним из ведущих производителей Европы в области мелкой электробытовой техники. Огромное внимание фирма De'Longhi уделяет качеству, дизайну и инновационным технологиям.", "logo": "logos/delongi.jpg"}}, {"model": "app_shop.shop", "pk": 7, "fields": {"name": "Scarlett", "about": "Созданный в 1996 году бренд малой бытовой техники Scarlett сегодня является одним из самых востребованных на территории России, продукция также широко представлена в странах СНГ, Балтии и Восточной Европы.", "logo": "logos/scarlett.png"}}, {"model": "app_shop.shop", "pk": 8, "fields": {"name": "Candy", "about": "Candy - это смарт-идеи, которые позволяют сделать вашу жизнь проще, это целая линейка совместимых продуктов и уникальных решений. Candy создает доступные, простые в использовании технологии для различных категорий товаров бытовой техники. Дизайн, внимание к деталям и акцент на смарт-решениях, современном и удобном стиле жизни - вот, что делает бренд Candy таким уникальным.", "logo": "logos/candy.png"}}, {"model": "app_shop.shop", "pk": 9, "fields": {"name": "Bosch", "about": "Robert Bosch GmbH - немецкая группа компаний, крупный производитель автомобильного и промышленного оборудования, потребительских и бытовых изделий. Группа компаний Robert Bosch GmbH является одним из ведущих международных производителей автомобильного и промышленного оборудования, потребительских и бытовых изделий. Штаб-квартира - в Герлингене.\r\n\r\nОфициальный сайт компании: www.bosch.ru", "logo": "logos/bosh.png"}}, {"model": "app_shop.shop", "pk": 10, "fields": {"name": "Weissgauff", "about": "Weissgauff - торговая марка крупной и мелкой бытовой техники, а также кухонных моек и смесителей.", "logo": "logos/weissgauff.png"}}, {"model": "app_shop.shop", "pk": 11, "fields": {"name": "Gefest", "about": "Группа компаний GEFEST занимается выпуском современной кухонной бытовой техники с высокими потребительскими свойствами. Основные направления деятельности - производство газовых, газоэлектрических, электрических плит, встраиваемой техники и воздухоочистителей торговой марки GEFEST.", "logo": "logos/gefest.jpg"}}, {"model": "app_shop.shop", "pk": 12, "fields": {"name": "Xiaomi", "about": "Миссия Xiaomi - быть другом для своих пользователей и оставаться лучшей для них. Компания остается верна своей цели развивать инновации, оставляя главным приоритетом качество и эффективность. Миссия Xiaomi состоит в постоянном стремлении создавать отличные продукты по справедливым ценам, чтобы жизнь каждого становилась лучше благодаря инновационным технологиям.\r\nВ 2019 году основатель Xiaomi Лэй Цзюнь дал клятву, что чистая прибыль со всех аппаратных устройств компании не будет превышать 5%. Это является конкретным подтверждением слов о том, что цель Xiaomi – не в том, чтобы занять крупную долю на рынке и извлечь максимум прибыли, а обеспечить, чтобы каждый смог позволить себе инновационные продукты 21 века.\r\n\r\nДостижения\r\n\r\nСейчас Xiaomi является третьим по величине производителем смартфонов в мире. Компания также создала ведущую в мире платформу потребительского Интернета вещей, к которой подключено 271 миллион интеллектуальных устройств, не считая смартфонов и ноутбуков. Продукция Xiaomi представлена в более чем 90 странах мира.В августе 2020 года Xiaomi во второй раз вошла в список Fortune Global 500, заняв 422-е место, поднявшись на 46 позиций по сравнению с предыдущим годом (7-е место среди интернет-компаний в списке). В мае 2020 года компания снова вошла в список Forbes Global 2000 (поднявшись до 384-го места в рейтинге). Xiaomi также представлена в Hang Seng Index, Hang Seng China Enterprises Index и Hang Seng TECH Index.", "logo": "logos/xiaomi.png"}}, {"model": "app_shop.shop", "pk": 13, "fields": {"name": "Supra", "about": "На протяжении всей своей истории SUPRA последовательно проводила в жизнь простую и понятную философию: делать качественные вещи доступными.\n\nВ настоящий момент заводы SUPRA выпускают более 10000 моделей продукции. В результате, техникой этой марки можно оборудовать в буквальном смысле весь дом. К вашим услугам аэрогрили, хлебопечки, микроволновки и мультиварки, Smart-телевизоры, планшетные компьютеры, пылесосы, холодильники и многое другое.\n\nОтдельные направления развития марки — техника для автомобилей, посуда, светотехника и климатическое оборудование.", "logo": "logos/supra.jpg"}}, {"model": "app_shop.shop", "pk": 14, "fields": {"name": "Huawei", "about": "Huawei Technologies - Обогащать жизнь общением! Один из ведущих производителей телекоммуникационного оборудования.", "logo": "logos/huawei.png"}}, {"model": "app_shop.shop", "pk": 15, "fields": {"name": "Apple", "about": "", "logo": "logos/apple.png"}}, {"model": "app_shop.category", "pk": 1, "fields": {"name": "Телевизоры", "icon_path": "static/assets/img/icons/departments/1.svg", "sorting_index": 3, "is_active": true}}, {"model": "app_shop.category", "pk": 2, "fields": {"name": "Фото и видеокамеры", "icon_path": "static/assets/img/icons/departments/6.svg", "sorting_index": 5, "is_active": true}}, {"model": "app_shop.category", "pk": 3, "fields": {"name": "Акустика и колонки", "icon_path": "static/assets/img/icons/departments/5.svg", "sorting_index": 4, "is_active": true}}, {"model": "app_shop.category", "pk": 4, "fields": {"name": "Скидки", "icon_path": "static/assets/img/icons/departments/4.svg", "sorting_index": 11, "is_active": false}}, {"model": "app_shop.category", "pk": 5, "fields": {"name": "Наушники и гарнитуры", "icon_path": "static/assets/img/icons/departments/2.svg", "sorting_index": 2, "is_active": true}}, {"model": "app_shop.category", "pk": 6, "fields": {"name": "Смартфоны", "icon_path": "static/assets/img/icons/departments/8.svg", "sorting_index": 1, "is_active": true}}, {"model": "app_shop.category", "pk": 7, "fields": {"name": "Микроволновые печи", "icon_path": "static/assets/img/icons/departments/9.svg", "sorting_index": 8, "is_active": true}}, {"model": "app_shop.category", "pk": 8, "fields": {"name": "Электрические чайники и термопоты", "icon_path": "static/assets/img/icons/departments/10.svg", "sorting_index": 9, "is_active": true}}, {"model": "app_shop.category", "pk": 9, "fields": {"name": "Кофеварки и кофемашины", "icon_path": "static/assets/img/icons/departments/12.svg", "sorting_index": 10, "is_active": true}}, {"model": "app_shop.category", "pk": 10, "fields": {"name": "Освещение", "icon_path": "static/assets/img/icons/departments/11.svg", "sorting_index": 12, "is_active": false}}, {"model": "app_shop.category", "pk": 11, "fields": {"name": "Стиральные машины", "icon_path": "static/assets/img/icons/departments/3.svg", "sorting_index": 6, "is_active": true}}, {"model": "app_shop.category", "pk": 12, "fields": {"name": "Духовые шкафы", "icon_path": "static/assets/img/icons/departments/7.svg", "sorting_index": 7, "is_active": true}}, {"model": "app_shop.product", "pk": 3, "fields": {"shop": 12, "category": 6, "name": "Смартфон Xiaomi Redmi 9A 2/32 ГБ", "parameters": "Разрешение основной камеры, Мпикс:13\r\nФункции камеры:Вспышка\r\nМакс. разрешение фронтальной камеры, Мпикс:5\r\nКачество видео:1920×1080 Full HD\r\nКоличество основных камер:1\r\nМакс. скорость видеосъемки, кадр/с:30\r\nРежимы съемки:Ночной, Панорамная съемка, Портретный, Пейзаж\r\nСтабилизация:Нет\r\nЕмкость аккумулятора, мАч:5000\r\nОсновной материал корпуса:Пластик, Резина\r\nГарантийный срок:1 год\r\nОперационная система:Android\r\nВерсия Android:Android 10.x\r\nОсобенности:Фонарик\r\nРазмеры, мм:164,9 x 77,07 x 9,0\r\nВес товара, г:194\r\nТип корпуса:Моноблок\r\nБеспроводные интерфейсы:Bluetooth, GPS, Wi-Fi\r\nМодуль связи Bluetooth:5.0\r\nНавигация:A-GPS, Beidou, GALILEO, GPS, iBeacon\r\nЧисло SIM-карт:2\r\nФорм-фактор SIM:Nano-SIM\r\nСтандарты связи:2G, 3G, 4G (LTE)\r\nДиагональ экрана, дюймы:6.53\r\nРазрешение экрана:1600x720\r\nТехнология матрицы:IPS", "description": "Смартфон Xiaomi Redmi 9A имеет IPS-экран модели диагональю 6.53 дюйма и транслирует изображение с разрешением до 1600x720 пикселей.В основе достойной производительности смартфона – процессор MediaTek Helio G25 на 8 ядер, графический ускоритель PowerVR GE8320 и 2 ГБ оперативной памяти. Эта конфигурация позволяет устройству эффективно работать сразу в нескольких приложениях. За счет внутренней памяти объемом 32 ГБ в смартфоне Xiaomi Redmi 9A можно хранить все необходимые владельцу приложения и файлы. Основная камера устройства делает снимки с разрешением до 13 Мп, а видео она позволяет записывать в качестве Full HD. Практичный «бонус» модели – возможность взаимодействия одновременно с 2 SIM-картами в сетях диапазонов 2/3/4G/LTE.", "price": 5990, "amount": 8, "added_at": "2022-11-30T08:37:26.044Z"}}, {"model": "app_shop.product", "pk": 4, "fields": {"shop": 2, "category": 6, "name": "Смартфон LG VELVET G900 6/128 ГБ", "parameters": "Емкость аккумулятора, мАч:4300\r\nГарантийный срок:12 месяцев\r\nОперационная система:Android\r\nВерсия Android:Android 10.x\r\nРазмеры, мм:167.1 x 74.1 x 7.9\r\nВес товара, г:180\r\nМодуль связи Bluetooth:5.1\r\nЧисло SIM-карт:1\r\nФорм-фактор SIM:Nano-SIM\r\nСтандарты связи:4G (LTE)\r\nМодуль связи WiFi:802.11 a/b/g/n/ac/ax\r\nПроцессор:Snapdragon 845 (8 ядер), 2.5 ГГц\r\nОперативная память:6 ГБ\r\nВстроенная память:128 ГБ\r\nВидеопроцессор:Adreno 630\r\nСлот для карты памяти:Да\r\nИнтерфейсы:USB Type-C\r\nРазрешение основной камеры, Мпикс:48\r\nРазрешение экрана:2460x1080", "description": "Название модели:LG VELVET G900\r\nГод объявления:2020\r\nОперативная память:6\r\nПамять:128 GB\r\nРазмер телефона, мм:167.1 x 74.1 x 7.9\r\nРазмер экрана:6.8\"\r\nМасса мобильного телефона в чистом виде, г:180\r\nКоличество SIM-карт:1\r\nРазмеры SIM-карты:Nano-SIM\r\nЕсть ли слот для карты памяти:да\r\nТип карты памяти:microSDXC\r\nВерсия ОС:Android 10.x\r\nМарка процессора:Qualcomm\r\nМодель процессора:Snapdragon 845 (8 cores), 2.5 GHz\r\nКоличество ядер процессора:8\r\nГрафический процессор:Adreno 630\r\nКоличество задних камер:3\r\nРазрешение задней камеры:48 MP + 8 MP + 5 MP\r\nВидео:4K@30fps, 1080p@30/60fps, gyro-EIS\r\nКоличество фронтальных камер:1\r\nРазрешение фронтальной камеры:16 MP", "price": 18420, "amount": 6, "added_at": "2022-11-30T08:37:26.044Z"}}, {"model": "app_shop.product", "pk": 5, "fields": {"shop": 13, "category": 1, "name": "Телевизор Supra 43\" Full HD", "parameters": "Настенное крепление (VESA):200x200 мм\r\nРазмеры, мм:564x968x87\r\nВес товара, г:8100\r\nБеспроводные интерфейсы:Wi-Fi\r\nЧисло портов HDMI:2\r\nИнтерфейсы:RJ-45 (Ethernet), HDMI, USB\r\nТВ-тюнер:DVB-C, DVB-T, DVB-T2\r\nКоличество разъемов USB:2\r\nДиагональ экрана, дюймы:43\r\nРазрешение:1920×1080 Full HD\r\nТип подсветки:Direct LED\r\nЧастота обновления:60 Гц\r\nТехнология HDR:Нет\r\nСтандарт разрешения:Full HD\r\nИзогнутый экран:Нет\r\nГарантийный срок:1 год\r\nМощность, Вт:75\r\nВстроенный медиаплеер:Да\r\nУправление телевизором:Пульт ДУ\r\nСабвуфер:Нет\r\nSmart TV:Да\r\nОперационная система ТВ:Android TV\r\nМощность аудиосистемы, Вт:20", "description": "SMART телевизор SUPRA STV-LC43ST0045F - это воплощение современных технологий в элегантном дизайне. Наш 43-дюймовый SMART телевизор с активной цветной матрицей имеет оптимальное соотношение цены, качества и характеристик. Он станет современным девайсом для вашей квартиры, дачи или офиса, ведь на нем можно просматривать эфирное телевидение, воспроизводить фото, видео и музыкальные файлы через USB порт при помощи встроенного мультимедиа плеера, а также выходить в интернет.", "price": 18900, "amount": 4, "added_at": "2022-11-30T08:37:26.044Z"}}, {"model": "app_shop.product", "pk": 6, "fields": {"shop": 4, "category": 1, "name": "Телевизор Philips 55\" Ultra HD", "parameters": "Диагональ экрана, дюймы:55\r\nРазрешение:3840×2160 4K\r\nТип подсветки:OLED\r\nЧастота обновления:60 Гц\r\nТехнология матрицы ТВ:IPS\r\nТехнология HDR:Да\r\nИзогнутый экран:Нет\r\nСтандарт разрешения:Ultra HD\r\nДиагональ экрана, см:139.7\r\nSmart TV:Да\r\nОперационная система ТВ:Android TV\r\nМощность аудиосистемы, Вт:20\r\nБеспроводные интерфейсы:Bluetooth, Wi-Fi\r\nЧисло портов HDMI:4\r\nКоличество разъемов USB:2\r\nВерсия HDMI:HDMI 2.0\r\nИнтерфейсы:CI+, HDMI, 3.5 мм, S/PDIF, USB, RJ-45 (Ethernet)\r\nТВ-тюнер:DVB-T, DVB-T2, DVB-C, DVB-S, DVB-S2\r\nТип:Телевизор\r\nЦвет:Серебристый\r\nШирина, см:123.1\r\nБренд:Philips\r\nСтрана-изготовитель:Россия\r\nВысота, см:73.7\r\nДекодеры звука:Dolby Atmos\r\nИнтерьерный телевизор:Нет", "description": "Потрясающе реалистичное изображение на экране этого телевизора Philips 4K на базе Android TV. Контент с HDR выглядит великолепно, а функция Ambilight обеспечивает полное погружение при просмотре фильмов, телепередач и во время игр. Премиальное звучание Dolby Atmos для соответствия роскошному изображению.\r\nЭффект, которому нет равных! Philips Ambilight полностью погружает вас в происходящее на экране. Фоновая подсветка с трех сторон экрана перемещает действие прямо в гостиную, открывая перед вами новый захватывающий мир. Интеллектуальные светодиоды по краям телевизора реагируют на происходящее на экране и изменяют цвет для еще большего эффекта погружения. Попробовав один раз, вы больше не сможете от этого отказаться.\r\nПоддержка форматов Dolby для звука и видео премиум-класса означает, что HDR-материалы будут выглядеть и звучать максимально реалистично. Материалы предстанут перед вами согласно задумке режиссера, и вы сможете оценить объемное, чистое и глубокое звучание.\r\nТелевизоры Philips Android TV открывают доступ к любому контенту. Можно настроить главный экран как вам удобно и организовать удобный доступ к любимым приложениям, чтобы смотреть фильмы и телепередачи было просто. Продолжать просмотр можно с того места, где вы остановились.\r\nВаш телевизор Philips 4K UHD совместим со всеми основными форматами HDR, включая Dolby Vision. Как только начнете смотреть популярный сериал или запустите новую игру, вы поймете, что тени стали глубже, а в светлых участках изображения стало больше деталей. Цвета станут более реалистичными.", "price": 62990, "amount": 2, "added_at": "2022-11-30T08:37:26.044Z"}}, {"model": "app_shop.product", "pk": 7, "fields": {"shop": 12, "category": 1, "name": "Телевизор Xiaomi 43\" 4K UHD", "parameters": "Беспроводные интерфейсы:Bluetooth, Wi-Fi\r\nВерсия HDMI:HDMI 2.0, HDMI 2.1\r\nИнтерфейсы:HDMI, USB\r\nКоличество разъемов USB:2\r\nТВ-тюнер:DVB-S2\r\nНастенное крепление (VESA):200x200 мм\r\nРазмеры, мм:962.2*205.2*624.6\r\nВес товара, г:7360\r\nРазмер без подставки (ШxВxГ), мм:962.2х84.8х556.1\r\nДиагональ экрана, дюймы:43\r\nРазрешение:3840×2160\r\nТип подсветки:Direct LED\r\nЧастота обновления:60 Гц\r\nСтандарт разрешения:4K UHD\r\nДиагональ экрана, см:107.99\r\nТехнология HDR:Да\r\nSmart TV:Да\r\nОперационная система ТВ:Android TV\r\nГарантийный срок:1 год\r\nМощность, Вт:85", "description": "Инновационный трехсторонний безрамочный дизайн обеспечивает более высокое соотношение размера экрана и корпуса,а также углы обзора 178° для более реалистичного изображения и приятного просмотра.\r\n\r\nРазрешение 4K UHD обеспечивает реалистичные изображения с большей детализацией и большей глубиной.\r\n\r\nРасширенный динамический диапазон делает яркие места еще ярче, а темные места еще темнее, повышая резкость, контрастность и цвет изображений, а высокий уровень детализации позволяет увидеть больше, чем когда-либо.\r\n\r\nСложные задачи могут выполняться с помощью простых голосовых команд на расстоянии до трех метров. Попросите Google управлять вашим телевизором, отвечать на вопросы и просматривать ваш календарь. Пусть он управляет всеми устройствами умного дома.\r\n\r\nТехнология MEMC может автоматически добавлять компенсирующие кадры в контент с низкой частотой кадров, чтобы устранить разрыв картинки на экране и избавиться от «вибрирующего» эффекта, обеспечивая большую плавность изображения и быстро меняющиеся кадры во время спортивных соревнований, автомобильных гонок и др.\r\n\r\nПодключение через Bluetooth позволяет управлять телевизором с помощью пульта ДУ из любой точки. Получайте доступ к Netflix и Prime Video с помощью кнопок быстрого доступа на пульте ДУ.", "price": 27500, "amount": 4, "added_at": "2022-11-30T08:37:26.044Z"}}, {"model": "app_shop.product", "pk": 8, "fields": {"shop": 1, "category": 1, "name": "Телевизор Samsung 75\" 4K UHD", "parameters": "Диагональ экрана, дюймы:75\r\nРазрешение:3840×2160\r\nТип подсветки:Edge LED\r\nЧастота обновления:120 Гц\r\nДиагональ экрана, см:190\r\nСтандарт разрешения:4K UHD\r\nИзогнутый экран:Нет\r\nТехнология HDR:Да\r\nSmart TV:Да\r\nОперационная система ТВ:Tizen\r\nМощность аудиосистемы, Вт:20\r\nГарантийный срок:12 месяцев\r\nМощность, Вт:260\r\nРазмеры, мм:1673.2x958.2x59.9\r\nВес товара, г:41000\r\nБеспроводные интерфейсы:Wi-Fi\r\nЧисло портов HDMI:3\r\nИнтерфейсы:CI+, HDMI, RJ-45 (Ethernet), USB\r\nКоличество разъемов USB:1\r\nТВ-тюнер:DVB-C2, DVB-S2, DVB-T2\r\nУправление телевизором:Пульт ДУ\r\nСабвуфер:Нет", "description": "Кристально-чистые цвета на ТВ с тонким корпусом\r\n\r\nРеалистичные цвета в 4K разрешении\r\nИнтеллектуальный апскейлинг до 4K, позволит вам смотреть ваш любимый контент с более низким разрешением в сверхчетком разрешении 4К. Кроме того, благодаря улучшенной технологии обработки цвета, вы получите удовольствие от реалистичной цветопередачи.\r\n\r\nУлучшенная плавность движения для четкости изображения\r\nФункция Motion Xcelerator. Оцените четкость изображения и высокое качество. Телевизор автоматически анализирует каждый кадр и оптимизирует его.\r\n\r\nОцените реалистичность изображения в формате 4K UHD\r\nЭкран 4K UHD телевизора содержит в 4 раза больше пикселей по сравнению с экраном FHD телевизора, благодаря чему вы видите исключительно четкое изображение с превосходной передачей мельчайших деталей. Теперь вы сможете различить в каждой сцене мельчайшие детали.\r\n\r\nУвидеть детали в самых темных и светлых сценах\r\nТехнология High Dynamic Range увеличивает диапазон яркости экрана вашего телевизора, благодаря чему вы сможете оценить все богатство цветовой палитры и великолепную детализацию даже в самых темных и светлых сценах.\r\n\r\nКрепление максимально близко к стене\r\nТеперь минималистичный дизайн вашего интерьера реализован именно так, как вы его задумали. Благодаря простому в установке настенному креплению Slim Fit, ваш телевизор плотно прилегает к стене и естественным образом вписывается в ваше пространство.\r\n\r\nИзбавьтесь от проводов\r\nАккуратно уложите кабели, чтобы они не загромождали окружающее пространство и не портили красоту вашего телевизора.", "price": 149000, "amount": 1, "added_at": "2022-11-30T08:37:26.044Z"}}, {"model": "app_shop.product", "pk": 9, "fields": {"shop": 5, "category": 3, "name": "Акустическая система JBL partybox 710", "parameters": "Максимальная мощность, Вт:800\r\nКоличество полос:2\r\nМакс. частота, Гц:20000\r\nМощность фронтальных колонок, Вт:800\r\nМощность центрального канала, Вт:800\r\nМощность доп. центрального канала, Вт:800\r\nМощность тыловых колонок, Вт:800\r\nМощность центрального тылового канала, Вт:800\r\nМощность сабвуфера, Вт:800\r\nМощность доп. сабвуфера, Вт:800\r\nМин. частота, Гц:35\r\nЧувствительность, дБ:80\r\nВид акустики:Активная\r\nМатериал корпуса:Металл, Пластик\r\nВес товара, г:23000\r\nМатериал диффузора:Полипропилен\r\nКонструктивные особенности:Влагозащищенный корпус\r\nДекоративное покрытие корпуса:Металл\r\nРазмеры, мм:399×905×436\r\nПодключение:Bluetooth", "description": "Музыкальная Midi-система JBL Partybox 710 разработана специально для организации зажигательных вечеринок. Она не только порадует гостей отличным звуком, но и впечатлит ярким и динамичным цветовым шоу. Синхронизация с треками и возможность индивидуальной настройки позволят создать уникальную атмосферу, присущую только вашему празднику. Вводите нужные параметры и шаблоны через приложение PartyBox.\r\n\r\nОСНАЩЕНИЕ\r\nАкустика оборудована двумя высокочастотными динамиками диаметром 2,75 дюйма (70 мм) и парой низкочастотников размером 8 дюймов (216 мм). В сочетании с портом фазоинвертора они выдают выразительный, глубокий, детализированный звук с корректной проработкой всех нюансов и буквально ощутимыми басами. Общая выходная мощность – 800 Вт.\r\n\r\nУНИВЕРСАЛЬНОСТЬ\r\nПоддержка Bluetooth даст возможность использовать для воспроизведения любые совместимые носители, например смартфон. Система распознаёт популярные форматы MP3, WMA, WAV. Кроме того, эта модель снабжена выходами для гитары и микрофона, а также эквалайзером караоке. Разнообразьте вечеринку и устройте вечер талантов!\r\n\r\nМОБИЛЬНОСТЬ\r\nJBL Partybox 710 обладает довольно внушительными размерами и весом, однако её транспортировка не доставит сложностей. Колонка оснащена прочными колёсами и удобной ручкой – организуйте танцы в любом подходящем месте, например в парке или у бассейна. Защита от брызг IPX4 позволит это сделать, не опасаясь повредить устройство.", "price": 73500, "amount": 5, "added_at": "2022-11-30T08:37:26.044Z"}}, {"model": "app_shop.product", "pk": 10, "fields": {"shop": 5, "category": 5, "name": "Беспроводные наушники JBL Tune 760NC", "parameters": "Длина кабеля, см:120\r\nМодуль связи Bluetooth:5.1\r\nРазъем:3.5 мм, USB Type-C\r\nКабель и штекер:Отсоединяемый кабель\r\nКонструкция наушников:Полноразмерные\r\nМин. частота, Гц:20\r\nМакс. частота, Гц:20000\r\nСопротивление, Ом:32\r\nСпособ передачи звука:Динамики\r\nТип подключения:Беспроводное\r\nВес товара, г:220\r\nМикрофон:Да\r\nШумоподавление:Активное\r\nУправление наушниками:Кнопочное\r\nЗащита от влаги:Нет\r\nДиаметр динамика, мм:40\r\nАкустическое оформление:Закрытое\r\nКрепление наушников:Оголовье\r\nОсобенности наушников:Адаптивный эквалайзер, Surround Sound\r\nМатериал амбушюров:Искусственная кожа, Биопластик", "description": "Твоя музыка - ничего другого не имеет значения. С полноразмерными, невероятно удобными и мощными наушниками JBL Tune 760NC это возможно. Активное шумоподавление блокирует ненужные отвлекающие факторы, позволяя тебе сосредоточиться на том, что важно, почти 35 часов подряд. Этого недостаточно? Получи дополнительно 2 часа звучания всего за 5 минут зарядки. Легкие и складные наушники Tune 760NC можно брать с собой куда угодно: их можно подключать одновременно к двум устройствам с Bluetooth, чтобы не пропускать звонки на телефоне, просматривая видео на планшете. Наушники JBL Tune 760NC мгновенно подключаются к устройству Android одним касанием и позволяют управлять вызовами и голосовым помощником на твоем устройстве без помощи рук. Чтобы продлить веселье на максимум, просто подключи к JBL Tune 760NC съемный кабель. Выбери цвет под настроение и веселись по полной!", "price": 3540, "amount": 10, "added_at": "2022-11-30T08:37:26.044Z"}}, {"model": "app_shop.product", "pk": 11, "fields": {"shop": 12, "category": 6, "name": "Смартфон Xiaomi Redmi Note 11 NFC 4/64 ГБ", "parameters": "Процессор:Snapdragon 680 (8 ядер), 2.1 ГГц\r\nЧисло ядер процессора:8\r\nОперативная память:4 ГБ\r\nВстроенная память:64 ГБ\r\nТип карты памяти:microSD\r\nМакс. объем карты памяти, ГБ:512\r\nМодель процессора:Snapdragon 690\r\nБренд процессора:Qualcomm\r\nВидеопроцессор:Adreno 610\r\nДиагональ экрана, дюймы:6.43\r\nРазрешение экрана:2400x1080\r\nТехнология матрицы:AMOLED\r\nОсобенности дисплея:Безрамочный дисплей\r\nРазрешение основной камеры, Мпикс:50\r\nФункции камеры:Четверная камера\r\nМакс. разрешение фронтальной камеры, Мпикс:13\r\nРазрешение дополнительной камеры, Мпикс:8+2+2\r\nМакс. скорость видеосъемки, кадр/с:60\r\nСтабилизация:Цифровая\r\nКоличество основных камер:2\r\nРежимы съемки:Ночной, Интеллектуальный автоматический режим, Портретный\r\nБеспроводные интерфейсы:Bluetooth, GPS, NFC, Wi-Fi\r\nМодуль связи Bluetooth:5.1\r\nНавигация:GPS, A-GPS, ГЛОНАСС, GALILEO, Beidou\r\nМодуль связи WiFi:802.11b/g/n\r\nФорм-фактор SIM:Nano-SIM\r\nЧисло SIM-карт:2\r\nСтандарты связи:2G, 3G, 4G (LTE)\r\nЕмкость аккумулятора, мАч:5000\r\nОсновной материал корпуса:Пластик\r\nГарантийный срок:1 год\r\nОперационная система:Android\r\nВерсия Android:Android 11.x\r\nОсобенности:Безрамочный дисплей\r\nРазмеры, мм:160х74х8.1\r\nВес товара, г:179\r\nТип корпуса:Моноблок\r\nСтепень защиты:IP53\r\nЗащита от влаги:Да", "description": "Redmi Note 11 – смартфон с AMOLED-экраном 90 Гц, 6-нм процессором Snapdragon 680 и быстрой зарядкой 33 Вт. Гаджет получил великолепный дизайн и аккумулятор емкостью 5000 мАч. Основная камера устройства включает в себя 4 датчика, разрешение главного достигает 50 Мп. Смартфон использует двойные стереодинамики, имеет модуль NFC и ИК-порт.\r\n\r\nСовершенно новый дизайн, который отличается плоской рамкой и минималистичным стилем. Гаджет предлагается в трех цветах: сером, синем и градиентном голубом, плавно переходящим в фиолетовый.\r\n\r\nВес устройства составляет всего 179 г. При этом толщина корпуса не превышает 8,09 мм.\r\n\r\nЭкран смартфона обеспечивает максимальную яркость, контрастность, цветопередачу и разрешение изображения. Частота обновления составляет 90 Гц, благодаря чему вы можете с комфортом просматривать ленту в социальных сетях и наслаждаться игровым процессом.\r\n\r\nДевайс использует чип Snapdragon 680 с 6-нм техпроцессом, что дает высокую производительность и увеличенное время автономной работы. Обеспечивается высокая скорость загрузки с UFS 2. 2 и быстрая запись.\r\n\r\nБлагодаря поддержке быстрой зарядки 33 Вт Pro смартфон заряжается до 100 % всего за 61 минуту, что на 21 % быстрее, чем с использованием обычной зарядки на 33 Вт. Емкость аккумулятора составляет 5000 мАч.\r\n\r\nМодуль основной камеры гаджета состоит из 4 датчиков: главного на 50 Мп, сверхширокоугольного на 8 Мп, макрокамеры на 2 Мп и датчика глубины на 2 Мп. Снимки получаются четкими и насыщенными. Вы сможете запечатлеть красочный закат, близкого человека или важное событие.\r\n\r\nСмартфон обеспечивает передачу качественного звука за счет двойных стереодинамиков. Просмотр видео, прослушивание музыки – что бы вы ни делали, вы будете слышать детальное звуковое сопровождение.", "price": 14900, "amount": 4, "added_at": "2022-11-30T09:50:44.126Z"}}, {"model": "app_shop.product", "pk": 12, "fields": {"shop": 1, "category": 6, "name": "Смартфон Samsung Galaxy S22 8/128 ГБ", "parameters": "Число SIM-карт:2\r\nФорм-фактор SIM:Nano-SIM\r\nЕмкость аккумулятора, мАч:3700\r\nРазмеры, мм:146 х 70.6 х 7.6 мм\r\nВес товара, г:167\r\nОперативная память:8 ГБ\r\nВстроенная память:128 ГБ\r\nРазрешение основной камеры, Мпикс:50\r\nМакс. разрешение фронтальной камеры, Мпикс:10\r\nКоличество основных камер:3\r\nДиагональ экрана, дюймы:6.1\r\nРазрешение экрана:3088х1440", "description": "Производительный и стильный смартфон не боится падений, одинаково хорош для игр и общения. Крутые камеры делают отличные фото и снимают динамичные видео при любом освещении. Быстрая беспроводная зарядка позволит всегда оставаться на связи.\r\nТонкие рамки и симметричные боковые грани открывают максимум полезной площади экрана смартфона Samsung Galaxy S22. Диагональ дисплея 6.1 дюйма с разрешением 2400x1080 пикселей оптимальна для просмотра видеоконтента, игр и серфинга в сети. Картинка на экране яркая даже на солнце, а цвета — сочные и реалистичные. Матовая поверхность корпуса добавляет благородства облику устройства, которое также подчеркивается правильной геометрической формой и скругленными углами.\r\nПередняя и задняя панели смартфона выполнены из ударопрочного стекла Gorilla Glass Victus+, которое помещено в рамку из армированного алюминия. Это придает устройству отличный запас прочности, сравнимый с броней. Падения и удары ему не страшны.\r\nКласс влагозащиты IP68 позволяет модели не бояться погружения в воду на глубину до 1.5 м. Можно гулять под дождем, принимать душ и одновременно говорить по телефону.\r\nСмартфон оснащен блоком камер, основная из которых — широкоугольная с разрешением 50 Мп. Она дополнена ультраширокоугольной и телефотокамерой. Фото и видео всегда получаются четкими, насыщенными, с реалистичными цветами. Увеличенные пиксели подавляют шумы, захватывают больше света, чтобы сделать кадры, снятые в ночном режиме, еще ярче и детальнее.\r\nСистема суперстабилизации и опция автофокусировки позволяют снимать сцены в движении без размытия даже ночью. Трехкратный оптический зум позволит максимально приблизить объект, не потеряв в качестве изображения.\r\nСелфикамера на 10 Мп дополнена технологией искусственного интеллекта — для реалистичных портретов с высокой детализацией. Даже любимые питомцы на таких портретах окажутся удивительно милыми, особенно благодаря специальным эффектам для животных.\r\nЕмкости батареи смартфона 3700 мАч хватит больше чем на сутки благодаря технологии Dynamic AMOLED 2X, которая помогает экономить ресурс аккумулятора. Чтобы его восполнить, долго ждать не придется. Быстрая беспроводная зарядка на 45 Вт всего за 10 минут использования позволит получить запас энергии, которого хватит на полтора часа видеозвонков.", "price": 39000, "amount": 4, "added_at": "2022-11-30T09:59:23.809Z"}}, {"model": "app_shop.product", "pk": 13, "fields": {"shop": 1, "category": 6, "name": "Смартфон Samsung Galaxy S22 Ultra 12/512 ГБ", "parameters": "Емкость аккумулятора, мАч:5000\r\nГарантийный срок:12 мес.\r\nОперационная система:Android\r\nВерсия Android:Android 12.x\r\nБеспроводные интерфейсы:Bluetooth, GPS, Wi-Fi\r\nМодуль связи Bluetooth:5.3\r\nНавигация:GALILEO, A-GPS, ГЛОНАСС, GPS, Beidou\r\nСтандарты связи:2G, 3G, 4G (LTE)\r\nЧисло SIM-карт:2\r\nМодуль связи WiFi:802.11 a/b/g/n/ac/ax\r\nДиагональ экрана, дюймы:6.8\r\nРазрешение экрана:3088х1440\r\nТехнология матрицы:Dynamic AMOLED 2X\r\nПроцессор:Exynos 2200 (8 ядер), 2.9 ГГц\r\nЧисло ядер процессора:8\r\nОперативная память:12 ГБ\r\nВстроенная память:512 ГБ\r\nБренд процессора:Samsung\r\nМодель процессора:Exynos 2200\r\nФункции:Встроенные датчики: Датчик освещенности, Акселерометр, GPS-трекер, Датчик приближения, Компас, Датчик Холла\r\nСтепень защиты:IP54", "description": "", "price": 225000, "amount": 1, "added_at": "2022-11-30T10:10:01.536Z"}}, {"model": "app_shop.product", "pk": 14, "fields": {"shop": 1, "category": 6, "name": "Смартфон Samsung Galaxy S22 8/256 ГБ", "parameters": "Диагональ экрана, дюймы:6.1\r\nРазрешение экрана:2400x1080\r\nТехнология матрицы:AMOLED\r\nОсобенности дисплея:Безрамочный дисплей\r\nРазрешение основной камеры, Мпикс:50\r\nМакс. разрешение фронтальной камеры, Мпикс:10\r\nРазрешение дополнительной камеры, Мпикс:12\r\nКоличество основных камер:3\r\nМакс. скорость видеосъемки, кадр/с:960\r\nКачество видео:7680×4320 8K\r\nПроцессор:Exynos 2200 (8 ядер), 2.9 ГГц\r\nЧисло ядер процессора:8\r\nОперативная память:8 ГБ\r\nВстроенная память:256 ГБ\r\nМодель процессора:Exynos 2200\r\nБренд процессора:Samsung\r\nБеспроводные интерфейсы:NFC, Wi-Fi, Bluetooth\r\nМодуль связи Bluetooth:5.2\r\nНавигация:GPS, ГЛОНАСС\r\nФорм-фактор SIM:Nano-SIM, eSIM\r\nЧисло SIM-карт:2\r\nСтандарты связи:2G, 3G, 4G (LTE), 5G\r\nМодуль связи WiFi:802.11a/b/g/n, 802.11ac\r\nВстроенные датчики:Барометр, Компас, Датчик приближения\r\nСлот для карты памяти:Нет\r\nФункции зарядки:Беспроводная зарядка, Поддержка быстрой зарядки\r\nИнтерфейсы:USB Type-C\r\nЕмкость аккумулятора, мАч:3700\r\nОсновной материал корпуса:Пластик\r\nГарантийный срок:1 год\r\nОперационная система:Android\r\nВерсия Android:Android 12.x\r\nРазмеры, мм:146*70.6*7.6\r\nВес товара, г:167\r\nТип корпуса:Моноблок", "description": "Смартфон Samsung Galaxy S22 поддерживает стандарты связи 2G, 3G, 4G LTE и 5G. В нем установлен безрамочный экран, созданный по технологии Dynamic AMOLED 2X. Диагональ дисплея — 6,1 дюйма, разрешение — 2400 х 1080 пикселей, частота обновления автоматически настраивается в соответствии с задачей в диапазоне от 24 до 120 Гц. \r\n\r\nОсновная камера состоит из трех модулей — 12, 50 и 10 Мп. У фронтальной камеры — 10-мегапиксельная матрица. Восьмиядерный процессор Samsung Exynos 2200 создан по 4-нанометровому процессу. Объем оперативной памяти — 8 Гб, постоянной — 256 Гб. \r\n\r\nМатериал, из которого изготовлен корпус, — пластик. Степень защиты от пыли и влаги — IP68. Есть подэкранный сканер отпечатков пальцев. Емкость аккумулятора — 3700 мАч, он поддерживает быструю и беспроводную зарядку. Доступны коммуникации Wi-Fi, Bluetooth, NFC и Miracast, а также навигация по GPS и ГЛОНАСС.", "price": 72000, "amount": 2, "added_at": "2022-11-30T10:20:55.935Z"}}, {"model": "app_shop.product", "pk": 15, "fields": {"shop": 14, "category": 6, "name": "Смартфон HUAWEI nova Y70 4/128 ГБ", "parameters": "Разрешение основной камеры, Мпикс:488\r\nМакс. разрешение фронтальной камеры, Мпикс:8\r\nРазрешение дополнительной камеры, Мпикс:48\r\nКачество видео:1920×1080 Full HD\r\nРежимы съемки:Ночной\r\nКоличество основных камер:3\r\nФункции камеры:Автофокус, Вспышка, Тройная камера, Сверхширокоугольный объектив\r\nПроцессор:Kirin 710 (8 ядер), 2.2 ГГц\r\nЧисло ядер процессора:8\r\nОперативная память:4 ГБ\r\nВстроенная память:128 ГБ\r\nТип карты памяти:microSD\r\nМакс. объем карты памяти, ГБ:512\r\nМодель процессора:HiSilicon Kirin 710А\r\nНазначение слотов:SIM 1, Гибрид (SIM 2 / microSD)\r\nАутентификация:Распознавание лица, Сканер отпечатка\r\nФункции зарядки:Поддержка быстрой зарядки\r\nИнтерфейсы:USB Type-C, Слот для SIM-карты\r\nСлот для карты памяти:Да\r\nВстроенные датчики:Датчик освещенности, Датчик приближения, Компас, Акселерометр, Датчик распознавания лица, Сканер отпечатка пальца\r\nДиагональ экрана, дюймы:6.75\r\nРазрешение экрана:1600x720\r\nТехнология матрицы:IPS\r\nОсобенности дисплея:Безрамочный дисплей\r\nЕмкость аккумулятора, мАч:6000\r\nОсновной материал корпуса:Пластик\r\nГарантийный срок:1 год\r\nОперационная система:Android\r\nРазмеры, мм:168,3х8,98х77,7\r\nВес товара, г:199\r\nТип корпуса:Моноблок\r\nБеспроводные интерфейсы:Bluetooth, GPS, NFC, Wi-Fi\r\nМодуль связи Bluetooth:5.1\r\nНавигация:A-GPS, Beidou, GALILEO, GPS, ГЛОНАСС\r\nФорм-фактор SIM:Nano-SIM\r\nМодуль связи WiFi:802.11b/g/n\r\nЧисло SIM-карт:2\r\nСтандарты связи:2G, 3G, 4G (LTE)", "description": "Стиль в каждой детали\r\nГладкий корпус устройства из 2.5D-стекла дарит невероятные ощущения при прикосновении и привлекает взгляды своими изящными изгибами. Потрясающие модели в оттенках «Голубой кристалл» и «Полночный черный» превращают танец света и тени на корпусе смартфона в увлекательное зрелище!\r\n\r\nМощная батарея и быстрая зарядка\r\nБатарея большой емкости 6000 мА*ч позволяет заряжать смартфон HUAWEI nova Y70 всего дважды в неделю. Только 5% заряда могут обеспечить еще 12 часов работы — это поистине поражает. Нужно пополнить энергию батареи? Благодаря технологии быстрой зарядки HUAWEI SuperCharge 22,5 Вт всего 10 минут достаточно для 3 часов\r\nвоспроизведения видео!\r\n\r\nВо весь экран\r\nПогрузитесь в сюжет захватывающего блокбастера с большим безрамочным дисплеем 6,75 дюйма HUAWEI FullView и соотношением экрана к корпусу устройства 90,26%. Благодаря умной системе настройки подсветки ваши глаза не устанут даже при слишком долгом просмотре новых серий любимого сериала.\r\n\r\nЗапечатлейте прекрасные мгновения жизни\r\nHUAWEI nova Y70 оснащен тройной камерой на базе искусственного интеллекта, которая способна адаптироваться под разные окружающие условия съемки, обеспечивая наилучшие результаты. Коснитесь кнопки затвора, и вы получите кадр с завораживающим пейзажем или восхитительным портретом. Основная камера 48 МП оснащена большим датчиком f/1.8, который пропускает больше света, для создания невероятно четких и детализированных фотографий.\r\n\r\nПоказывает вас с лучшей стороны\r\nСелфи-камера 8 МП и передовые технологии на базе искусственного интеллекта позволяют разгладить вашу кожу и подчеркнуть индивидуальность. Будьте лучшей версией себя в объективе селфи-камеры.\r\n\r\nДвигайтесь в ритм музыки\r\nАудиотехнологии Histen 9.1 и HUAWEI SuperSound заставляют музыку звучать громче. Наденьте наушники и устройте себе свой личный концерт. Либо используйте смартфон как колонку для классной вечеринки!", "price": 12350, "amount": 10, "added_at": "2022-11-30T10:39:17.485Z"}}, {"model": "app_shop.product", "pk": 16, "fields": {"shop": 14, "category": 6, "name": "Смартфон HUAWEI P50 Pocket 12/512 ГБ", "parameters": "Емкость аккумулятора, мАч:4000\r\nОсновной материал корпуса:Металл, Стекло\r\nГарантийный срок:1 год\r\nОперационная система:Android\r\nВерсия Android:Android 11.x\r\nРазмеры, мм:87.3х75.5х15.2\r\nВес товара, г:190\r\nТип корпуса:Складной\r\nОсобенности:Безрамочный дисплей, Встроенный микрофон, Громкая связь, Мультимедийный плеер, Поддержка быстрой зарядки, Пылезащитный корпус, Фонарик\r\nПроцессор:Snapdragon 888 (8 ядер), 2.84 ГГц\r\nЧисло ядер процессора:8\r\nОперативная память:12 ГБ\r\nВстроенная память:512 ГБ\r\nТип карты памяти:nanoSD\r\nМакс. объем карты памяти, ГБ:256\r\nВидеопроцессор:Adreno 660\r\nБренд процессора:Qualcomm\r\nМодель процессора:Snapdragon 888\r\nБренд графического процессора:Adreno\r\nНазначение слотов:SIM 1, Гибрид (SIM 2 / nanoSD)\r\nФункции зарядки:Поддержка быстрой зарядки\r\nСлот для карты памяти:Да\r\nИнтерфейсы:USB Type-C, Слот для SIM-карты\r\nАутентификация:Распознавание лица, Сканер отпечатка\r\nВстроенные датчики:Акселерометр, Барометр, Гироскоп, Датчик Холла, Датчик приближения, Датчик освещенности, Компас, Сканер отпечатка пальца\r\nВремя работы в режиме разговора, ч:31\r\nЗащита от влаги:Да\r\nСтепень защиты:IP53\r\nЗащищенность:Влагозащита\r\nРазрешение основной камеры, Мпикс:40\r\nМакс. разрешение фронтальной камеры, Мпикс:10.7\r\nКоличество основных камер:3\r\nМакс. скорость видеосъемки, кадр/с:60\r\nКачество видео:3840×2160 4K\r\nФункции камеры:Автофокус, Вспышка, Запись видео, Ночной режим, Портретный режим, Тройная камера, Фронтальная камера\r\nРежимы съемки:Замедленная съёмка, Ночной, Панорамная съемка, Пейзаж, Портретный, Профессиональный режим, Стандартный, Эффекты изображения\r\nБеспроводные интерфейсы:Bluetooth, GPS, NFC, Wi-Fi\r\nМодуль связи Bluetooth:5.2\r\nНавигация:A-GPS, Beidou, GALILEO, GPS, QZSS, ГЛОНАСС\r\nЧисло SIM-карт:2\r\nФорм-фактор SIM:Nano-SIM\r\nМодуль связи WiFi:802.11a/b/g/n, 802.11ac\r\nСтандарты связи:2G, 3G, 4G (LTE)\r\nДиагональ экрана, дюймы:6.9\r\nТехнология матрицы:OLED\r\nОсобенности дисплея:Безрамочный дисплей", "description": "Смартфон HUAWEI P50 Pocket — утонченный стиль и высокая производительность.\r\nДва способа разблокировки\r\nПароль вам больше ни к чему. Вы можете разблокировать смартфон как отпечатком пальца, так и с помощью функции распознавания лица вне зависимости от того, в каком виде находится ваш смартфон в тот или иной момент.\r\nГарантированная безопасность с режимом суперконфиденциальности\r\nРежим «Суперконфиденциальность» автоматически отключит микрофон, камеру и GPS, когда смартфон будет находиться в сложенном виде.\r\nTrue-chroma-дисплей 21:9\r\nДисплей выведет ваш визуальный опыт на совершенно новый уровень. Изогнутый OLED-экран 6,9\", широкий цветовой охват P3, точная цветопередача и плавный интерфейс. Еще никогда работа со смартфоном не была такой захватывающей. А ШИМ-затемнение 1440 Гц позаботится о ваших глазах и заблокирует волны вредного излучения в момент, когда вы будете использовать этот смартфон.\r\nЕще больше ярких снимков и видео\r\nОсновная камера 40 МП гарантирует вам высокую детализацию и правильные цвета. Ультраширокоугольная камера 13 МП с коротким фокусным расстоянием поможет вам делать качественные макро-фото, и вы не упустите ни одной, даже малейшей, детали.\r\nБыстрое подключение к девайсам\r\nБольше никаких зависаний! Подключайтесь к нескольким устройствам простым касанием. Делитесь видео на своем smart-screen, MatePad или подключитесь к ПК и передавайте файлы.\r\nРаботайте в режиме многозадачности вместе с HUAWEI P50 Pocket — открывайте до 3 окон, слушайте музыку и просматривайте почту одновременно прямо на экране вашего ПК, не прикасаясь к смартфону.", "price": 70600, "amount": 3, "added_at": "2022-11-30T10:48:42.695Z"}}, {"model": "app_shop.product", "pk": 17, "fields": {"shop": 14, "category": 6, "name": "Смартфон HUAWEI nova Y90 4/128 ГБ", "parameters": "Разрешение основной камеры, Мпикс:50\r\nФункции камеры:Ночной режим, HDR\r\nМакс. разрешение фронтальной камеры, Мпикс:8\r\nРазрешение дополнительной камеры, Мпикс:2\r\nКачество видео:3840×2160 4K\r\nКоличество основных камер:3\r\nПроцессор:Snapdragon 680 (8 ядер), 2.4 ГГц\r\nЧисло ядер процессора:8\r\nОперативная память:4 ГБ\r\nВстроенная память:128 ГБ\r\nМодель процессора:Snapdragon 680\r\nВидеопроцессор:Adreno 610\r\nБренд графического процессора:Adreno\r\nБренд процессора:Qualcomm\r\nЕмкость аккумулятора, мАч:5000\r\nОсновной материал корпуса:Пластик\r\nГарантийный срок:1 год\r\nОперационная система:Android\r\nРазмеры, мм:163.3x74.7x8.4\r\nВес товара, г:195\r\nТип корпуса:Моноблок\r\nБеспроводные интерфейсы:Bluetooth, Wi-Fi\r\nМодуль связи Bluetooth:5.0\r\nНавигация:GPS, A-GPS, ГЛОНАСС, Beidou, GALILEO, QZSS\r\nФорм-фактор SIM:Nano-SIM\r\nМодуль связи WiFi:802.11a/b/g/n, 802.11ac\r\nСтандарты связи:2G, 3G, 4G (LTE)\r\nДиагональ экрана, дюймы:6.7\r\nРазрешение экрана:2388×1080\r\nОсобенности дисплея:Безрамочный дисплей", "description": "", "price": 14300, "amount": 12, "added_at": "2022-11-30T10:55:24.942Z"}}, {"model": "app_shop.product", "pk": 18, "fields": {"shop": 12, "category": 6, "name": "Смартфон Xiaomi 12 Lite 8/256 ГБ", "parameters": "Емкость аккумулятора, мАч:4300\r\nОсновной материал корпуса:Пластик, Стекло\r\nГарантийный срок:14 дней\r\nОперационная система:Android\r\nВерсия Android:Android 12.x\r\nОсобенности:Поддержка быстрой зарядки\r\nРазмеры, мм:159,3 × 73,7 × 7,3\r\nВес товара, г:173\r\nТип корпуса:Моноблок\r\nДиагональ экрана, дюймы:6.55\r\nРазрешение экрана:2400x1080\r\nТехнология матрицы:AMOLED\r\nОсобенности дисплея:Безрамочный дисплей\r\nНазначение слотов:SIM 1, SIM 2\r\nСлот для карты памяти:Нет\r\nИнтерфейсы:USB Type-C\r\nФункции зарядки:Поддержка быстрой зарядки\r\nАутентификация:Распознавание лица, Сканер отпечатка\r\nВстроенные датчики:Акселерометр, Гироскоп, Датчик освещенности, Датчик приближения, Компас, Сканер отпечатка пальца\r\nРазрешение основной камеры, Мпикс:108\r\nМакс. разрешение фронтальной камеры, Мпикс:32\r\nРазрешение дополнительной камеры, Мпикс:8\r\nМакс. скорость видеосъемки, кадр/с:60\r\nКачество видео:3840×2160 4K\r\nКоличество основных камер:3\r\nСтабилизация:Цифровая\r\nРежимы съемки:Ночной, Панорамная съемка, Пейзаж, Портретный, Стандартный\r\nПроцессор:Snapdragon 778G (8 ядер), 2.4 ГГц\r\nЧисло ядер процессора:8\r\nОперативная память:8 ГБ\r\nВстроенная память:256 ГБ\r\nМодель процессора:Snapdragon 778G\r\nВидеопроцессор:Adreno 642L\r\nБренд графического процессора:Adreno\r\nБренд процессора:Qualcomm", "description": "Xiaomi 12 Lite - позволяет превратить любое случайное фото или видео в произведение визуального искусства. Для этого в смартфоне есть все: передовая оптика, сильнейшие программные инструменты и мощный процессор, молниеносно обрабатывающий контент. Xiaomi 12 Lite придется по вкусу любителям компактных смартфонов: диагональ его экрана составляет всего 6,55 дюйма. Смартфон удобно держать в руке, а процесс его использования – бесконечное удовольствие, не в последнюю очередь благодаря мощным стереодинамикам и одному из лучших на рынке OLED-дисплеев.", "price": 36700, "amount": 5, "added_at": "2022-11-30T11:03:42.596Z"}}, {"model": "app_shop.product", "pk": 19, "fields": {"shop": 5, "category": 5, "name": "Беспроводные наушники JBL Tune 230NC TWS", "parameters": "Время работы в режиме разговора, ч:10\r\nПитание от:аккумулятора\r\nВремя работы в режиме ожидания, часов:40\r\nВремя зарядки аккумулятора, мин:120\r\nСпособ зарядки:От кейса\r\nМодуль связи Bluetooth:5.2\r\nРазъем:USB Type-C\r\nМикрофон:Да\r\nШумоподавление:Активное\r\nУправление наушниками:Сенсорное\r\nЗащита от влаги:Нет\r\nДиаметр динамика, мм:16\r\nАкустическое оформление:Закрытое\r\nКрепление наушников:В ушной раковине\r\nСпортивные:Нет\r\nМатериал амбушюров:Силикон\r\nУправление:Остановка/воспроизведение музыки, Взять/положить трубку, Предыдущий трек, Следующий трек\r\nКонструкция наушников:Внутриканальные\r\nМин. частота, Гц:20\r\nМакс. частота, Гц:20000\r\nСопротивление, Ом:16\r\nСпособ передачи звука:Динамики\r\nТип подключения:Беспроводное\r\nВес товара, г:5.1", "description": "", "price": 6490, "amount": 12, "added_at": "2022-12-20T12:27:38.187Z"}}, {"model": "app_shop.product", "pk": 20, "fields": {"shop": 15, "category": 5, "name": "Беспроводные наушники Apple AirPods 2", "parameters": "Конструкция наушников:Вкладыши\r\nМин. частота, Гц:20\r\nМакс. частота, Гц:20000\r\nСопротивление, Ом:16\r\nСпособ передачи звука:Динамики\r\nТип подключения:Беспроводное\r\nВес товара, г:38.2\r\nВремя работы в режиме разговора, ч:18\r\nПитание от:аккумулятора\r\nВремя работы в режиме ожидания, часов:24\r\nВремя зарядки аккумулятора, мин:120\r\nСпособ зарядки:От кабеля USB, От кейса\r\nМикрофон:Да\r\nШумоподавление:Активное\r\nУправление наушниками:Сенсорное\r\nЗащита от влаги:Да\r\nДиаметр динамика, мм:7.5\r\nАкустическое оформление:Закрытое\r\nКрепление наушников:В ушной раковине\r\nМатериал амбушюров:Силикон\r\nСпортивные:Да\r\nУправление:Взять/положить трубку, Остановка/воспроизведение музыки, Следующий трек\r\nОсобенности наушников:Встроенная звуковая карта, Адаптивный эквалайзер, Голосовой помощник\r\nДлина кабеля, см:100\r\nМодуль связи Bluetooth:5.0\r\nРазъем:Apple Lightning\r\nКабель и штекер:Одностороннее подключение кабеля", "description": "БОЛЬШЕ МАГИИ\r\nУвеличенное время работы в режиме телефонного разговора. Активация Siri с помощью голоса. Новый футляр с возможностью беспроводной зарядки (продается отдельно). Все это AirPods - уникальные беспроводные наушники. Они подойдут ко всем вашим устройствам. Достаньте их из футляра, и сразу можете пользоваться. Просто наденьте их, и они мгновенно установят соединение, а значит, вы сможете сразу погрузиться в насыщенный качественный звук. Словно по волшебству.\r\n\r\nНОЛЬ ПРОВОДОВ. МАКСИМУМ ПРЕИМУЩЕСТВ\r\nAirPods настраиваются в одно касание. Автоматически включаются и устанавливают соединение. Пользоваться ими невероятно легко. Они оснащены специальными сенсорами, поэтому когда вы снимаете наушники, воспроизведение останавливается. При этом AirPods великолепно взаимодействуют как с iPhone, так и с Apple Watch, iPad и Mac.\r\n\r\nПОПРОСИТЕ SIRI\r\nПоговорить с вашим голосовым помощником стало еще проще. Даже не нужно брать iPhone в руки. Просто скажите: \"Привет, Siri\".\r\n\r\nВОЗМОЖНОСТИ ЗВУЧАТ МОЩНО\r\nНовый чип H1, созданный Apple, обеспечивает более стабильное беспроводное соединение с вашими устройствами и более быструю передачу данных: до 2 раз быстрее при переключении между активными устройствами и в 1,5 раза быстрее при телефонных звонках. Благодаря чипу H1 теперь Siri можно активировать с помощью голоса, а еще задержка сигнала при использовании наушников во время компьютерных игр стала до 30% ниже. Поэтому, чем бы вы ни занимались - играли в игры, слушали музыку или подкасты, - качество звучания всегда будет потрясающим.\r\n\r\nЗНАЮТ, КОГДА ВЫ СЛУШАЕТЕ\r\nАкселерометр и оптические сенсоры, взаимодействуя друг с другом, управляют различными аудио-функциями: активируют микрофоны для телефонных звонков и голосовых команд Siri, а также позволяют AirPods воспроизводить звук, когда наушники уже в ушах. При этом вы можете использовать и оба наушника, и только один. А еще AirPods распознают двойные касания, с помощью которых удобно включать и выключать музыку или переключать треки.\r\n\r\nЗНАЮТ, КОГДА ВЫ ГОВОРИТЕ\r\nСпециальный акселерометр умеет распознавать, что вы разговариваете. Благодаря этому он помогает направленным микрофонам отфильтровать внешний шум и фокусироваться на звуке вашего голоса.\r\n\r\nЦЕЛЫЕ СУТКИ ЗВУЧАНИЯ\r\nAirPods позволяют слушать музыку 5 часов без подзарядки - это лучший показатель в индустрии. Время работы в режиме телефонного разговора теперь составляет до 3 часов. Кроме того, футляр обеспечивает наушникам несколько циклов зарядки, благодаря чему они могут работать более 24 часов. Нужна быстрая подзарядка? Уберите наушники AirPods обратно в футляр на 15 минут, и потом вы сможете еще 3 часа слушать музыку или 2 часа разговаривать по телефону. А если нужно проверить заряд аккумулятора, просто поднесите AirPods к iPhone или спросите у Siri: \"Сколько заряда в моих AirPods?\"", "price": 6900, "amount": 19, "added_at": "2022-12-20T12:34:38.852Z"}}, {"model": "app_shop.product", "pk": 21, "fields": {"shop": 15, "category": 5, "name": "Беспроводные наушники Apple AirPods 3", "parameters": "", "description": "Представляем абсолютно новые AirPods. Технология пространственного аудио окружает звуком со всех сторон.  Адаптивный эквалайзер подстраивает музыку персонально под вас. Аккумулятор работает ещё дольше без подзарядки.  Наушники не боятся пота и воды. Ощущения просто волшебные. \r\n\r\nОсновные характеристики:\r\n- Технология пространственного аудио с функцией динамического отслеживания движений головы создаёт по‑настоящему живую и объёмную картину звука\r\n- Адаптивный эквалайзер автоматически подстраивает звучание персонально под вас \r\n- Новый оптимизированный дизайн \r\n- Датчик нажатия позволяет легко управлять воспроизведением, звонками — и не только \r\n- Защита от пота и воды\r\n- До 6 часов в режиме прослушивания аудио без подзарядки \r\n- До 30 часов в режиме прослушивания аудио с подзарядкой в футляре MagSafe \r\n- Быстрый вызов голосового ассистента фразой «Привет, Siri» \r\n- Исключительно простая настройка, активация при надевании и мгновенное переключение с одного устройства на другое\r\n- Звук с iPhone, iPad, iPod touch или Apple TV можно передавать сразу на две пары AirPods", "price": 9250, "amount": 19, "added_at": "2022-12-20T12:43:50.181Z"}}, {"model": "app_shop.product", "pk": 22, "fields": {"shop": 15, "category": 6, "name": "Смартфон Apple iPhone 12 64 ГБ", "parameters": "Беспроводные интерфейсы:Bluetooth, NFC, Wi-Fi\r\nСтандарты связи:5G, 4G (LTE), 3G\r\nМодуль связи Bluetooth:5.0\r\nНавигация:GPS, ГЛОНАСС, GALILEO, QZSS, Beidou\r\nМодуль связи WiFi:802.11ax\r\nФорм-фактор SIM:Nano-SIM, eSIM\r\nЧисло SIM-карт:2\r\nОперативная память:4 ГБ\r\nВстроенная память:64 ГБ\r\nПроцессор:A14 Bionic (6 ядер), 2.66 ГГц\r\nЧисло ядер процессора:6\r\nМодель процессора:A14 Bionic\r\nБренд процессора:Apple\r\nВидеопроцессор:GPU\r\nЧастота процессора, ГГц:3.1\r\nОперационная система:iOS\r\nВерсия iOS:iOS 14\r\nЗащищенность:Влагозащита\r\nСтепень защиты:IP68\r\nЗащита от влаги:Да\r\nНазначение слотов:SIM 1\r\nИнтерфейсы:Apple Lightning\r\nФункции зарядки:Беспроводная зарядка, Поддержка быстрой зарядки\r\nАутентификация:Распознавание лица\r\nВстроенные датчики:Компас, Барометр, Гироскоп, Акселерометр, Датчик освещенности, Датчик приближения, Датчик распознавания лица\r\nОсновной материал корпуса:Металл, Стекло\r\nВес товара, г:162\r\nОсобенности:Олеофобное покрытие\r\nРазмеры, мм:146.7 х 71.5 х 7.4\r\nЕмкость аккумулятора, мАч:2815\r\nМакс. время работы (музыка), ч:65\r\nМакс. время работы (видео), ч:17\r\nДиагональ экрана, дюймы:6.1\r\nРазрешение экрана:2532x1170\r\nТехнология матрицы:OLED\r\nОсобенности дисплея:Безрамочный дисплей\r\nРазрешение основной камеры, Мпикс:12\r\nФункции камеры:HDR, Сверхширокоугольный объектив, Широкоугольный объектив\r\nМакс. разрешение фронтальной камеры, Мпикс:12\r\nРазрешение дополнительной камеры, Мпикс:12\r\nКоличество основных камер:2\r\nКачество видео:3840×2160 4K\r\nМакс. скорость видеосъемки, кадр/с:60\r\nСтабилизация:Оптическая", "description": "", "price": 48700, "amount": 14, "added_at": "2022-12-20T12:54:39.532Z"}}, {"model": "app_shop.product", "pk": 23, "fields": {"shop": 15, "category": 6, "name": "Смартфон Apple iPhone 14 Pro 128 ГБ", "parameters": "Беспроводные интерфейсы:Bluetooth, NFC, Wi-Fi\r\nСтандарты связи:2G, 3G, 4G (LTE)\r\nФорм-фактор SIM:Nano-SIM\r\nЧисло SIM-карт:2\r\nОсновной материал корпуса:Металл, Стекло\r\nОперативная память:6 ГБ\r\nВстроенная память:128 ГБ\r\nБренд процессора:Apple\r\nРазрешение основной камеры, Мпикс:48\r\nКоличество основных камер:3\r\nКачество видео:3840×2160 4K\r\nАутентификация:Распознавание лица\r\nФункции зарядки:Беспроводная зарядка, Поддержка быстрой зарядки\r\nИнтерфейсы:Apple Lightning\r\nЗащищенность:Влагозащита\r\nЗащита от влаги:Да\r\nСтепень защиты:IP68\r\nДиагональ экрана, дюймы:6.1", "description": "", "price": 98300, "amount": 5, "added_at": "2022-12-20T12:59:03.303Z"}}, {"model": "app_shop.product", "pk": 24, "fields": {"shop": 5, "category": 3, "name": "Акустическая система JBL Control 25-1-WH", "parameters": "Материал корпуса:Пластик\r\nВес товара, г:3400\r\nАкустическое оформление:Закрытое\r\nКонструктивные особенности:Влагозащищенный корпус\r\nРазмеры, мм:243 х 188 х 145\r\nКоличество полос звука:2\r\nМакс. частота, Гц:20000\r\nМин. частота, Гц:60\r\nЧувствительность, дБ:89\r\nСопротивление, Ом:8", "description": "JBL Control 25-1 представляет собой 2-канальную акустическую систему закрытого типа в корпусе, который можно окрасить в необходимый цвет. Таким образом этот громкоговоритель идеально подходит для незаметной установки и не будет привлекать к себе внимание. Для инсталляции в комплекте есть специальный монтажный набор InvisiBall для срытого крепления. Кронштейн позволяет регулировать углы наклона и поворота АС JBL Control 25-1 в довольно широком диапазоне. Низкочастотный динамик имеет стекловолоконую диафрагму, крепящуюся на подвес из бутилкаучука. Этот подвес весьма устойчив к перепадам температур, не «разжижается» в жаркую погоду и не твердеет зимой. Для управления используется фирменная высокотемпературная звуковая катушка Kapton, обеспечивающая мощный и чистый звук в любую погоду. Динамик защищён по фирменной технологии WeatherEdge, не допускающей попадание влаги внутрь конструкции. Купольный ВЧ-динамик оснащён звуковой катушкой, погруженной в ферро-магнитную жидкость. Это позволяет эффективно охлаждать динамик в жаркую погоду и не даёт ему «залипнуть» при минусовой температуре.\r\nДля защиты от дождя или морских волн предназначен опционный гриль MTC-25WMG-1 WeatherMax. Также он позволяет производить помывку конструкции водяной струёй без опасения повредить динамики. Корпус JBL Control 25-1 покрыт защитным составом, устойчивым к воздействию морской соли, песка и солнечных лучей.", "price": 32700, "amount": 8, "added_at": "2022-12-20T13:06:18.997Z"}}, {"model": "app_shop.product", "pk": 25, "fields": {"shop": 8, "category": 11, "name": "Стиральная машина Candy CS4 1051DB1", "parameters": "Загрузка белья, кг:5\r\nМаксимальная скорость отжима, об./мин.:1000\r\nПрямой привод:Нет\r\nРасход воды за цикл, л:45\r\nИнверторный двигатель:Нет\r\nУровень шума при стирке, дБ:58\r\nУровень шума при отжиме, дБ:75\r\nРазмеры, мм (ШхГхВ):600 x 400 x 850\r\nОсобенности конструкции:Низкий уровень шума при работе\r\nБарабан:Рельефная поверхность\r\nМатериал бака:пластик\r\nШирина, см:60\r\nВысота, см:85\r\nГлубина, см:40\r\nВес, кг:64\r\nДозагрузка белья:Нет\r\nНаличие дисплея:Да\r\nФункциональные особенности:Отсрочка запуска\r\nУправление со смартфона:Да\r\nОтложенный старт, ч:9\r\nТип загрузки:Фронтальная\r\nКласс энергопотребления:A\r\nКласс стирки:A\r\nКласс отжима:C\r\nТип управления:Электронное\r\nВид стиральной машины:Автоматическая\r\nНаличие сушки:Без сушки\r\nКоличество программ стирки:16\r\nОбработка паром:Нет\r\nПрограммы стирки:Быстрая стирка, Стирка изделий из хлопка, Стирка смешанных тканей, Стирка изделий из шерсти, Стирка изделий из джинсовой ткани, Стирка деликатных тканей, Стирка детской одежды", "description": "Стиральные машины Candy Smart с возможностью управления через приложение идеально сочетают в себе высокую производительность и простоту использования, а также полный набор уникальных функций, позволяющих использовать ее по максимуму. Откройте для себя умные решения, которые помогут вам сэкономить время и сделать ежедневную стирку проще и легче.\r\nCandy уверена в важности наслаждения своей жизнью, именно поэтому новый ассортимент стиральных машин сделан так, чтобы стирать одежду легко и непринужденно, упрощая ваш день. Освобождая больше времени для себя и для того, что вы любите больше всего. Candy помогает вам изо дня в день легко справляться со стиркой белья: результаты получаются просто потрясающими. Зеленый свет к комфорту и легкости в использовании: отсутствие больших затрат на время стирки, потребление энергии, денег, стирка без усилий. Оцените преимущество большого люка двери и его расположение: вам больше не нужно прилагать усилия и наклоняться, чтобы загрузить белье в барабан машины. Стиральные машины Candy Smart также являются «умными» приборами: загрузив приложение Candy simply-Fi на ваш телефон, через NFC вы получите еще больше преимуществ управления машиной и найдете программу стирки, которая подходит именно вам, используя ваш телефон как пульт управления.", "price": 19900, "amount": 6, "added_at": "2022-12-20T13:34:02.970Z"}}, {"model": "app_shop.product", "pk": 26, "fields": {"shop": 1, "category": 11, "name": "Стиральная машина Samsung WW65A4S21CX/LD", "parameters": "Наличие сушки:Без сушки\r\nКоличество программ стирки:12\r\nОбработка паром:Да\r\nПрограммы стирки:Быстрая стирка, Стирка изделий из хлопка, Стирка смешанных тканей, Полоскание, Стирка деликатных тканей, Стирка изделий из шерсти, Стирка изделий из синтетики\r\nТип загрузки:Фронтальная\r\nКласс энергопотребления:A\r\nКласс стирки:A\r\nКласс отжима:B\r\nТип управления:Электронное\r\nВид стиральной машины:Автоматическая\r\nРазмеры, мм (ШхГхВ):600х450х850\r\nШирина, см:60\r\nВысота, см:85\r\nГлубина, см:45\r\nВес, кг:51\r\nЗагрузка белья, кг:6.5\r\nМаксимальная скорость отжима, об./мин.:1200\r\nРасход воды за цикл, л:39\r\nИнверторный двигатель:Да\r\nУровень шума при стирке, дБ:56\r\nУровень шума при отжиме, дБ:75\r\nНаличие дисплея:Да\r\nУправление со смартфона:Нет\r\nОтложенный старт, ч:19\r\nФункциональные особенности:Пузырьковая стирка, Очистка барабана, Звуковой сигнал, Отсрочка запуска", "description": "Samsung WW65A4S21CX/LD — стиральная машина с инверторным мотором, рассчитанная на 6,5 кг белья. У нее есть режимы для вещей из шерсти, хлопка и синтетики и функция обработки паром. Предусмотрена мини-программа длительностью 15 минут. Максимальный уровень шума во время стирки — 56 дБ, при отжиме — 75 дБ. Информация о состоянии устройства и ходе выполняемой программы выводится на LED-дисплей. Класс энергоэффективности — A. Потребление электричества за цикл — 0,84 кВтч, расход воды — 39 л. Размеры — 85 х 60 х 45 см.", "price": 35900, "amount": 10, "added_at": "2022-12-20T13:37:40.470Z"}}, {"model": "app_shop.product", "pk": 27, "fields": {"shop": 10, "category": 11, "name": "Стиральная машина Weissgauff WM 40275 TD", "parameters": "Загрузка белья, кг:7.5\r\nМаксимальная скорость отжима, об./мин.:1200\r\nПрямой привод:Нет\r\nРасход воды за цикл, л:52\r\nИнверторный двигатель:Нет\r\nУровень шума при стирке, дБ:62\r\nУровень шума при отжиме, дБ:78\r\nДозагрузка белья:Нет\r\nНаличие дисплея:Да\r\nОтложенный старт, ч:24\r\nФункциональные особенности:Установка времени завершения стирки, Отсрочка запуска, Отмена отжима, Отключение звукового сигнала, Звуковой сигнал, Автоматическое взвешивание\r\nТип загрузки:Вертикальная\r\nКласс энергопотребления:A+++\r\nКласс стирки:A\r\nКласс отжима:B\r\nТип управления:Электронное\r\nВид стиральной машины:Автоматическая\r\nРазмеры, мм (ШхГхВ):400 x 610 x 875\r\nОсобенности конструкции:Рельефная поверхность барабана\r\nМатериал бака:пластик\r\nШирина, см:40\r\nВысота, см:87.5\r\nГлубина, см:61\r\nВес, кг:56\r\nНаличие сушки:Без сушки\r\nКоличество программ стирки:16\r\nОбработка паром:Нет\r\nПрограммы стирки:Быстрая стирка, Предварительная стирка, Стирка изделий из шерсти", "description": "Стиральная машина Weissgauff с вертикальной загрузкой, вместимостью до 7.5 кг белья и скоростью отжима до 1200 оборотов в минуту, оснащённая большим цифровым дисплеем с наглядной индикацией для выбора специальных возможностей и программирования установок, обеспечивает отличное качество стирки и удобство использования.\r\nБлагодаря вертикальной загрузке машину можно установить даже в самой малогабаритной квартире. Загрузка до 7.5 кг позволяет машине справиться со всем объёмом одежды за один цикл. Скорость отжима до 1200 оборотов в минуту существенно сокращает время дальнейшей сушки белья. Автопозиционирование барабана сделает более удобным процесс извлечения белья после стирки: барабан поворачивается нужной стороной в 90% случаев.\r\nРежим «Быстрая стирка» на 15 или 45 минут отлично подходит для тех, у кого на счету каждая минута. Режим для детских вещей добавляет дополнительное полоскание, эффективно удаляя остатки моющего средства. Тихий режим станет идеальным решением для стирки в ночное время. После его активации все электронные звуковые сигналы будут отключены, поэтому программа будет выполняться без сигналов и дополнительных уведомлений.\r\nСистема SOFT LIFT обеспечивает плавное открытие барабана для извлечения или загрузки белья. Легкосъёмный дозатор значительно облегчит процесс чистки и ухода. Универсальный двигатель обеспечивает эффективную и стабильную работу стиральной машины как от постоянного, так и от переменного тока. Благодаря классу энергоэффективности A+++, классу стирки А стиральная машина гарантирует минимальные затраты электроэнергии. Таймер отложенного старта позволяет отстрочить стирку до 24 часов.\r\nБлокировка от детей защитит стиральную машину от нарушения работы программы из-за непреднамеренных нажатий кнопок или поворотов переключателя. Фиксация дверцы в приоткрытом положении позволит провести проветривание стиральной машины после окончания процесса стирки, что увеличит её срок службы и убережёт от неполадок. Удобный доступ к фильтру даст возможность легко проводить работу по уходу за стиральной машиной. Полная защита от протечек AquaStop обеспечит защиту от затопления даже в случае повреждения шланга или гидроудара.", "price": 36600, "amount": 4, "added_at": "2022-12-20T14:26:41.044Z"}}, {"model": "app_shop.product", "pk": 28, "fields": {"shop": 7, "category": 8, "name": "Электрический чайник Scarlett SC-EK27G36", "parameters": "Материал корпуса:Стекло\r\nПодсветка:Да\r\nРазмеры, мм:225х145х210\r\nВес товара, г:850\r\nОбъем, л:1.8\r\nМощность, Вт:1800\r\nТип управления:Механическое\r\nТип нагревательного элемента:Дисковый\r\nАвтоотключение:Да\r\nНастройка температуры:Нет\r\nУправление со смартфона:Нет\r\nДлина шнура, м:0.75\r\nКонструкция чайника:Отсек для шнура, Бесшумный, Вращение подставки на 360°\r\nЦвет:Прозрачный, черный", "description": "Электрический чайник SC-EK27G36 объемом 1.8 л оснащён традиционной системой открытия крышки.\r\n\r\nЭргономичная ручка, закрытый нагревательный элемент сделают эксплуатацию прибора еще проще и комфортнее. Внутренняя подсветка позволит наблюдать за завораживающим процессом кипячения.\r\n\r\nКлассический черный цвет корпуса в сочетании с металлической декорацией позволит прибору вписаться в любой интерьер кухни.", "price": 1199, "amount": 15, "added_at": "2023-01-25T09:26:47.802Z"}}, {"model": "app_shop.product", "pk": 29, "fields": {"shop": 7, "category": 8, "name": "Электрический чайник Scarlett SC-EK18P49", "parameters": "Объем, л:1.7\r\nМощность, Вт:2200\r\nТип управления:Механическое\r\nТип нагревательного элемента:Дисковый\r\nАвтоотключение:Да\r\nНастройка температуры:Нет\r\nУправление со смартфона:Нет\r\nДлина шнура, м:0.7\r\nМатериал корпуса:Пластик\r\nПодсветка:Нет\r\nРазмеры, мм:220х160х210\r\nВес товара, г:700\r\nКонструкция чайника:Вращение подставки на 360°, Отсек для шнура, Фильтр от накипи\r\nЦвет:Белый", "description": "Электрический чайник SC-EK18P49 с оптимальным объемом 1,7 л оснащён удобной шкалой для контроля уровня воды. Эргономичная ручка, автоматическая система открытия крышки, закрытый нагревательный элемент – сделают эксплуатацию прибора еще проще и комфортнее.\r\n\r\nSafe Work – автоотключение при закипании, защита от включения без воды обеспечат безопасное использование прибора.  \r\n\r\nУникальный дизайн и белое цветовое решение позволит прибору с лёгкостью вписаться в любой интерьер.", "price": 1500, "amount": 15, "added_at": "2023-01-25T09:32:28.642Z"}}, {"model": "app_shop.product", "pk": 30, "fields": {"shop": 13, "category": 8, "name": "Электрический чайник Supra 1.8 литра, 1500 Вт", "parameters": "Объем, л:1.8\r\nМощность, Вт:1500\r\nТип управления:Механическое\r\nТип нагревательного элемента:Закрытая спираль\r\nАвтоотключение:Да\r\nДлина шнура, м:0.75\r\nМатериал корпуса:Пластик\r\nРазмеры, мм:1\r\nВес товара, г:740\r\nКонструкция чайника:Вращение подставки на 360°, Отсек для шнура, Фильтр от накипи\r\nЦвет:Бордовый", "description": "Стильный электрический чайник Supra KES-1899 из высококачественного пластика станет оригинальным украшением Вашей кухни и прекрасным подарком друзьям и родственникам.", "price": 1000, "amount": 10, "added_at": "2023-01-25T09:38:45.724Z"}}, {"model": "app_shop.product", "pk": 31, "fields": {"shop": 4, "category": 8, "name": "Электрический чайник Philips HD9352/80", "parameters": "Материал корпуса:Металл\r\nПодсветка:Нет\r\nВес товара, г:1100\r\nКонструкция чайника:Светоиндикатор работы\r\nОбъем, л:1.7\r\nМощность, Вт:2200\r\nТип управления:Механическое\r\nТип нагревательного элемента:Дисковый\r\nАвтоотключение:Да\r\nНастройка температуры:Нет\r\nУправление со смартфона:Нет\r\nДлина шнура, м:0.75\r\nЦвет:Серый металлик", "description": "Прочный чайник Philips HD9352/80 полностью выполнен из безопасной пищевой нержавеющей стали и разработан специально для ежедневного использования в течение длительного времени. Компания Philips создала этот стильный и качественный чайник благодаря 60-летнему опыту в сфере предоставления надежных решений.", "price": 4800, "amount": 10, "added_at": "2023-01-25T09:42:34.008Z"}}, {"model": "app_shop.product", "pk": 32, "fields": {"shop": 13, "category": 8, "name": "Термопот Supra 3,5 литра", "parameters": "Материал корпуса:Металл\r\nРазмеры, мм:285х205х275\r\nВес товара, г:2300\r\nТип насоса:Ручная помпа, Электрическая помпа\r\nТип нагревательного элемента:Дисковый\r\nОсобенности устройств для нагрева воды:Поддержание постоянной температуры, Длительное кипячение\r\nСистемы защиты:Защита от перегрузки (автоматический предохранитель), Защита от перегрева\r\nМощность, Вт:800\r\nОбъем, л:3.5\r\nДлина шнура, м:0.98\r\nЦвет:Белый", "description": "Электрический чайник-термос (термопот) с электронной системой управления экономит деньги, электроэнергию, тепло, воду и ваше личное время. Данный прибор нагревает воду и затем автоматически поддерживает ее горячей на протяжении долгого времени.", "price": 2550, "amount": 18, "added_at": "2023-01-25T09:47:27.944Z"}}, {"model": "app_shop.product", "pk": 33, "fields": {"shop": 8, "category": 7, "name": "Микроволновая печь Candy Timeless", "parameters": "Объем, л:20\r\nДиаметр поворотного стола, см:24.5\r\nМакс. мощность СВЧ, Вт:700\r\nРежимы работы микроволновой печи:С грилем, Соло\r\nТехнология СВЧ:С поворотным столом\r\nВнутреннее покрытие микроволновой печи:Эмалевое\r\nРазмеры, мм:452Х357Х262\r\nПрограммы приготовления:Гриль, Разморозка, Подогрев, Разогрев\r\nУправление:Механическое\r\nОткрывание дверцы микроволновой печи:Ручка\r\nНаправление открывания дверцы:Навесная с открытием налево\r\nСистемы защиты:Защита от перегрузки (автоматический предохранитель)\r\nОсобенности микроволновой печи:Внутреннее освещение, Поворотный стол, Регулировка времени приготовления, Таймер\r\nГарантийный срок:1 год\r\nЦвет:Черный, серебристый\r\nМакс. мощность гриля, Вт:900\r\nРасположение:Отдельностоящая\r\nДлина шнура, м:1\r\nРазмер упаковки (Длина х Ширина х Высота), см:49,6Х38,9Х29,2\r\nВес, кг:11", "description": "Сделайте вашу жизнь проще с новой коллекцией микроволновых печей, которая подойдет под любой интерьер. Candy стремится сделать кухню местом, где креатив, технологии и дизайн сходятся вместе, чтобы приносить позитивные эмоции. А яркие ручки микроволновых печей из коллекции Timeless сделают вашу кухню еще более заметной.", "price": 5000, "amount": 12, "added_at": "2023-01-25T09:56:03.008Z"}}, {"model": "app_shop.product", "pk": 34, "fields": {"shop": 8, "category": 7, "name": "Микроволновая печь Candy CMW20SMWLI-07", "parameters": "Объем, л:20\r\nДиаметр поворотного стола, см:25.5\r\nМакс. мощность СВЧ, Вт:700\r\nРежимы работы микроволновой печи:Соло\r\nТехнология СВЧ:С поворотным столом\r\nВнутреннее покрытие микроволновой печи:Эмалевое\r\nПрограммы приготовления:Разморозка, Разогрев\r\nУправление:Механическое\r\nОткрывание дверцы микроволновой печи:Ручка\r\nНаправление открывания дверцы:Боковое налево\r\nОсобенности микроволновой печи:Поворотный стол\r\nСистемы защиты:Защита от перегрева, Защита от перегрузки (автоматический предохранитель)\r\nГарантийный срок:1 год\r\nЦвет:Белый\r\nРасположение:Отдельностоящая\r\nДлина шнура, м:1\r\nРазмер упаковки (Длина х Ширина х Высота), см:495Х366Х294\r\nВес, кг:10.3\r\nВысота, см:35.4\r\nГлубина, см:26.1\r\nШирина, см:45.5", "description": "Микроволновая печь Candy CMW20SMWLI-07 с 4 уровнями мощности и функцией разморозки - отличное решение для вашей кухни. Благодаря лаконичному дизайну и стильному корпусу белого цвета она гармонично впишется любой интерьер, а удобная ручка и простое управление делают использование максимально комфортным.", "price": 4500, "amount": 12, "added_at": "2023-01-25T10:00:06.243Z"}}, {"model": "app_shop.product", "pk": 35, "fields": {"shop": 1, "category": 7, "name": "Микроволновая печь Samsung GE-83KRW-2", "parameters": "Управление:Сенсорное\r\nСистемы защиты:Блокировка от детей\r\nОбъем, л:23\r\nМакс. мощность СВЧ, Вт:800\r\nРежимы работы микроволновой печи:С грилем\r\nРазмеры, мм:275 x 489 x 360\r\nГарантийный срок:12 месяцев\r\nЦвет:Белый\r\nРасположение:Отдельностоящая\r\nРазмер упаковки (Длина х Ширина х Высота), см:56 x 42.5 x 33.5", "description": "БИОкерамическое покрытие\r\nБИОкерамическое покрытие микроволновых печей Samsung получило одобрение Института Хоэнштейн, Германия за свойства долговечности и антибактериальности. БИОкерамическое покрытие предотвращает размножение бактерий, а также более устойчиво к царапинам, чем покрытия из нержавеющей стали или эпоксидных материалов. Покрытие камеры выглядит новым даже после долгой эксплуатации.\r\n\r\nРазмер прежний — объём больше\r\nВместительная камера 23 литра при компактных размерах обычных 20-литровых моделей. Дополнительные 3 литра внутреннего объёма для вашего удобства.\r\n\r\nРавномерное распределение тепла\r\nИнженеры компании Samsung постоянно совершенствуют и улучшают рабочие характеристики своей продукции, используя для этого самые новейшие технологии. Наша уникальная система тройного распределения микроволн (Triple Distribution System) обеспечивает равномерный прогрев продуктов, начиная от пиццы и кончая нагревом стакана молока. Пользуясь нашими микроволновыми печами, Вы оцените удобство и комфорт процесса приготовления самых разнообразных блюд.", "price": 11800, "amount": 6, "added_at": "2023-01-25T10:45:17.800Z"}}, {"model": "app_shop.product", "pk": 36, "fields": {"shop": 6, "category": 9, "name": "Автоматическая кофемашина DeLonghi", "parameters": "Тип используемого кофе:Зерновой, Молотый\r\nМакс. давление, бар:15\r\nВиды напитков:Капучино, Американо, Эспрессо\r\nМощность, Вт:1450\r\nПриготовление напитка:Контроль крепости кофе, Настройка температуры напитка, Регулировка степени помола, Регулировка порции воды\r\nМатериал жерновов:Металл\r\nВстроенная кофемолка:Да\r\nКол-во приготовляемых чашек кофе, шт:12\r\nЕмкость для воды, л:1.8\r\nОдновременное приготовление двух чашек:Да\r\nЕмкость резервуара для зерен, г:300\r\nКонструкция кофеварок/кофемашин:Дисплей, Индикатор уровня воды\r\nКоличество степеней помола:13\r\nТип управления:Сенсорное\r\nВид капучинатора:Ручной\r\nИндикация:Индикация режима работы, Индикация отсутствия воды, Индикация готовности к работе\r\nЦвет:Черный\r\nВысота, см:40\r\nМатериал корпуса:Пластик\r\nГарантийный срок:1 год\r\nВес товара, г:1000\r\nГлубина, см:49.5", "description": "Автоматическая кофемашина De Longhi ECAM 350.15.B из серии Dinamica – современная модель кофеварки, которую можно использовать как дома, так и в офисе. Она готовит в автоматическом режиме четыре предустановленных типа кофе: эспрессо, лунго/американо и доппио (двойной эспрессо).\r\n\r\nОдновременно может готовиться одна или две чашки. Для приготовления капучино предусмотрен встроенный ручной капучинатор. Панель управления простая и понятная, запрограммировать приготовление напитка не представляет труда. Аппарат легко разбирается и моется.", "price": 35500, "amount": 4, "added_at": "2023-01-25T10:52:09.291Z"}}, {"model": "app_shop.product", "pk": 37, "fields": {"shop": 6, "category": 9, "name": "Автоматическая кофемашина DeLonghi Nespresso", "parameters": "", "description": "", "price": 5500, "amount": 2, "added_at": "2023-01-25T10:54:02.065Z"}}, {"model": "app_shop.product", "pk": 38, "fields": {"shop": 9, "category": 12, "name": "Духовой шкаф Bosch HBF114ES1R", "parameters": "Особенности духовки, плиты:Быстрый нагрев, Встроенные часы, Дисплей\r\nСистемы защиты:Автовыключение, Блокировка от детей\r\nЗащита от детей:Да\r\nПодсветка духовки:LED\r\nОчистка духовки:Пиролитическая\r\nРежимы работы:Большой гриль, Верхний + нижний нагрев, Конвекция, Нижний нагрев\r\nТип установки:Независимая\r\nРазмеры, мм (ШхГхВ):548 х 594 х 595\r\nКоличество стекол дверцы духовки:3\r\nНаправление открывания дверцы:Откидная\r\nВысота, см:59.5\r\nШирина, см:54.8\r\nГлубина, см:59.4\r\nВес, кг:31.098\r\nОбъем духовки, л:66\r\nТип духовки:Электрический\r\nКласс энергоэффективности:A\r\nМакс. температура, °С:270\r\nТип питания:Электрический\r\nФункционал духовки:Гриль, Конвекция\r\nТелескопические направляющие духовки:Да\r\nУправление духовкой:Утапливаемые переключатели, Дисплей, Таймер\r\nТип управления:Механическое\r\nЦвет:Серебристый", "description": "Электрический духовой шкаф Bosch Serie | 2 предназначен для встраивания в столешницу, что оптимально для кухонь с ограниченной площадью. Максимальная температура нагрева составляет +270°С. Откидная дверца оснащена двумя термостойкими стеклами, что исключает риск ожога в процессе приготовления. На передней части корпуса расположены механические переключатели, посредством которых можно выбрать один из восьми режимов работы. Электронный дисплей отображает установленные параметры. \r\n\r\nДля обеспечения безопасности панель управления можно заблокировать с помощью функции защиты от детей. Электрический духовой шкаф Bosch Serie | 2 имеет класс энергопотребления А, поэтому можно экономить на оплате коммунальных услуг. Присоединительная мощность устройства составляет 3,3 кВт. Модель оснащена встроенным грилем, что позволяет приготовить мясо птицы, рыбу или овощи.\r\n\r\nДополнительные режимы: 3D горячий воздух, горячий воздух gentle, режим для пиццы; телескопические направляющие на 1 уровне; LED-дисплей c индикацией красного цвета; многофункциональные электронные часы EasyClock включают в себя бытовой таймер, таймер приготовления, установку окончания приготовления; дверная ручка; галогенное внутреннее освещение; система охлаждения прибора позволяет встроить в любой кухонный гарнитур; длина сетевого кабеля: 100 см, тип штепсельной вилки: вилка с заземлением; предохранители: 16 A, напряжение: 220-240 В, размеры ниши для встраивания 575-597x560-568x550 мм", "price": 33300, "amount": 8, "added_at": "2023-01-25T11:08:00.980Z"}}, {"model": "app_shop.product", "pk": 39, "fields": {"shop": 9, "category": 12, "name": "Духовой шкаф Bosch HBA534BW0", "parameters": "Объем духовки, л:71\r\nТип духовки:Электрический\r\nПотребляемая мощность, Вт:3400\r\nКласс энергоэффективности:A\r\nМакс. температура, °С:275\r\nТип питания:Электрический\r\nФункционал духовки:Гриль, Конвекция\r\nТелескопические направляющие духовки:Да\r\nКоличество режимов работы:7\r\nОсобенности духовки, плиты:Быстрый нагрев, Вентилятор охлаждения, Дисплей\r\nСистемы защиты:Автовыключение, Блокировка от детей\r\nЗащита от детей:Да\r\nПодсветка духовки:Галогеновая\r\nТелескопические направляющие:На 1-м уровне\r\nОчистка духовки:Традиционная\r\nРежимы работы:Большой гриль, Гриль + конвекция, Верхний + нижний нагрев, Нижний нагрев + Турбо (Пицца), Нижний нагрев\r\nТип установки:Независимая\r\nРазмеры, мм (ШхГхВ):594x548x595\r\nВнутреннее покрытие:Эмаль\r\nКоличество стекол дверцы духовки:2\r\nШирина встраивания, см:56\r\nНаправление открывания дверцы:Откидная\r\nВысота, см:59.5\r\nШирина, см:59.4\r\nГлубина, см:54.8\r\nВес, кг:30\r\nУправление духовкой:Дисплей, Таймер, Утапливаемые переключатели\r\nТип управления:Электронное\r\nТаймер:Электронный\r\nИндикация:Режим работы, Время до отключения\r\nЦвет:Белый", "description": "Духовой шкаф Bosch HBA534BW0 представлен в белом цвете. EcoClean Direct облегчит очистку шкафа, специальное покрытие из керамики, расщепляет капли жира. Режим 3D горячий воздух облегчит работу и сократит время приготовления. Управление с помощью сенсорного дисплея на котором отображается время и поворотных переключателей", "price": 33500, "amount": 5, "added_at": "2023-01-25T11:12:34.593Z"}}, {"model": "app_shop.product", "pk": 40, "fields": {"shop": 10, "category": 12, "name": "Духовой шкаф Weissgauff EOV 302 SW", "parameters": "Тип установки:Независимая\r\nВнутреннее покрытие:Эмаль\r\nКоличество стекол дверцы духовки:2\r\nШирина встраивания, см:60\r\nНаправление открывания дверцы:Откидная\r\nВысота, см:60\r\nШирина, см:60\r\nГлубина, см:60\r\nОбъем духовки, л:64\r\nТип духовки:Электрический\r\nПотребляемая мощность, Вт:3100\r\nМакс. температура, °С:250\r\nТип питания:Электрический\r\nФункционал духовки:Гриль, Конвекция\r\nТелескопические направляющие духовки:Нет\r\nКоличество режимов работы:8\r\nУправление духовкой:Дисплей, Утапливаемые переключатели, Таймер\r\nЦвет:Белый\r\nГарантийный срок:2 года", "description": "", "price": 22000, "amount": 12, "added_at": "2023-01-25T11:13:51.583Z"}}, {"model": "app_shop.product", "pk": 41, "fields": {"shop": 11, "category": 12, "name": "Духовой шкаф Gefest ЭДВ ДА 622-02 С", "parameters": "Тип управления:Электронное\r\nТаймер:Электронный\r\nОбъем духовки, л:55\r\nТип духовки:Электрический\r\nКласс энергоэффективности:A\r\nТип питания:Электрический\r\nФункционал духовки:Гриль\r\nТелескопические направляющие духовки:Нет\r\nТип установки:Независимая\r\nВнутреннее покрытие:Эмаль\r\nРазмер ниши, мм:580х560х550\r\nНаправление открывания дверцы:Откидная\r\nВысота, см:59.5\r\nШирина, см:59.5\r\nГлубина, см:56.5\r\nВес, кг:32.9\r\nКоличество режимов работы:8\r\nЗащита от детей:Нет\r\nПодсветка духовки:Есть\r\nОчистка духовки:Каталитическая\r\nРежимы работы:Верхний + нижний нагрев, Вертел, Гриль, Нижний нагрев, Турбо гриль, Конвекция\r\nСтрана-изготовитель:Беларусь\r\nЦвет:Серебристый", "description": "", "price": 24300, "amount": 6, "added_at": "2023-01-25T11:21:28.930Z"}}, {"model": "app_shop.product", "pk": 42, "fields": {"shop": 11, "category": 12, "name": "Духовой шкаф GEFEST ЭДВ ДА 602-02 К74", "parameters": "Тип питания:Электрический\r\nЦвет:Кремовый\r\nГарантийный срок:1 год", "description": "", "price": 26300, "amount": 5, "added_at": "2023-01-25T11:22:59.946Z"}}, {"model": "app_shop.productimage", "pk": 1, "fields": {"product": 9, "image": "goods/Акустическая система JBL partybox 710/6415684252.jpg"}}, {"model": "app_shop.productimage", "pk": 2, "fields": {"product": 9, "image": "goods/Акустическая система JBL partybox 710/6415684253.jpg"}}, {"model": "app_shop.productimage", "pk": 3, "fields": {"product": 9, "image": "goods/Акустическая система JBL partybox 710/6415684251.jpg"}}, {"model": "app_shop.productimage", "pk": 4, "fields": {"product": 10, "image": "goods/Беспроводные наушники JBL Tune 760NC/6479388743.jpg"}}, {"model": "app_shop.productimage", "pk": 5, "fields": {"product": 10, "image": "goods/Беспроводные наушники JBL Tune 760NC/6392383427.jpg"}}, {"model": "app_shop.productimage", "pk": 6, "fields": {"product": 10, "image": "goods/Беспроводные наушники JBL Tune 760NC/6392383422.jpg"}}, {"model": "app_shop.productimage", "pk": 7, "fields": {"product": 10, "image": "goods/Беспроводные наушники JBL Tune 760NC/6392383430.jpg"}}, {"model": "app_shop.productimage", "pk": 8, "fields": {"product": 4, "image": "goods/Смартфон LG VELVET G900 6 128 ГБ/6447956624.jpg"}}, {"model": "app_shop.productimage", "pk": 9, "fields": {"product": 4, "image": "goods/Смартфон LG VELVET G900 6 128 ГБ/6447956622.jpg"}}, {"model": "app_shop.productimage", "pk": 10, "fields": {"product": 4, "image": "goods/Смартфон LG VELVET G900 6 128 ГБ/6447956613.jpg"}}, {"model": "app_shop.productimage", "pk": 11, "fields": {"product": 3, "image": "goods/Смартфон Xiaomi Redmi 9A 2 32 ГБ/6450645992.jpg"}}, {"model": "app_shop.productimage", "pk": 12, "fields": {"product": 3, "image": "goods/Смартфон Xiaomi Redmi 9A 2 32 ГБ/6450645995.jpg"}}, {"model": "app_shop.productimage", "pk": 13, "fields": {"product": 3, "image": "goods/Смартфон Xiaomi Redmi 9A 2 32 ГБ/6450645993.jpg"}}, {"model": "app_shop.productimage", "pk": 14, "fields": {"product": 3, "image": "goods/Смартфон Xiaomi Redmi 9A 2 32 ГБ/6450645980.jpg"}}, {"model": "app_shop.productimage", "pk": 15, "fields": {"product": 11, "image": "goods/Смартфон Xiaomi Redmi Note 11 NFC 4 64 ГБ/6271385965.jpg"}}, {"model": "app_shop.productimage", "pk": 16, "fields": {"product": 11, "image": "goods/Смартфон Xiaomi Redmi Note 11 NFC 4 64 ГБ/6270129534.jpg"}}, {"model": "app_shop.productimage", "pk": 17, "fields": {"product": 11, "image": "goods/Смартфон Xiaomi Redmi Note 11 NFC 4 64 ГБ/6270129537.jpg"}}, {"model": "app_shop.productimage", "pk": 18, "fields": {"product": 12, "image": "goods/Смартфон Samsung Galaxy S22 8 128 ГБ/6366713769.jpg"}}, {"model": "app_shop.productimage", "pk": 19, "fields": {"product": 12, "image": "goods/Смартфон Samsung Galaxy S22 8 128 ГБ/6366713773.jpg"}}, {"model": "app_shop.productimage", "pk": 20, "fields": {"product": 12, "image": "goods/Смартфон Samsung Galaxy S22 8 128 ГБ/6366713791.jpg"}}, {"model": "app_shop.productimage", "pk": 21, "fields": {"product": 12, "image": "goods/Смартфон Samsung Galaxy S22 8 128 ГБ/6366713748.jpg"}}, {"model": "app_shop.productimage", "pk": 22, "fields": {"product": 13, "image": "goods/Смартфон Samsung Galaxy S22 Ultra 12 512 ГБ/6348359459.jpg"}}, {"model": "app_shop.productimage", "pk": 23, "fields": {"product": 14, "image": "goods/Смартфон Samsung Galaxy S22 8 256 ГБ/6407791710.jpg"}}, {"model": "app_shop.productimage", "pk": 24, "fields": {"product": 14, "image": "goods/Смартфон Samsung Galaxy S22 8 256 ГБ/6407791966.jpg"}}, {"model": "app_shop.productimage", "pk": 25, "fields": {"product": 14, "image": "goods/Смартфон Samsung Galaxy S22 8 256 ГБ/6407791954.jpg"}}, {"model": "app_shop.productimage", "pk": 26, "fields": {"product": 14, "image": "goods/Смартфон Samsung Galaxy S22 8 256 ГБ/6407791959.jpg"}}, {"model": "app_shop.productimage", "pk": 27, "fields": {"product": 14, "image": "goods/Смартфон Samsung Galaxy S22 8 256 ГБ/6407791960.jpg"}}, {"model": "app_shop.productimage", "pk": 32, "fields": {"product": 16, "image": "goods/Смартфон HUAWEI P50 Pocket 12 512 ГБ/6387420748.jpg"}}, {"model": "app_shop.productimage", "pk": 33, "fields": {"product": 16, "image": "goods/Смартфон HUAWEI P50 Pocket 12 512 ГБ/6387420746.jpg"}}, {"model": "app_shop.productimage", "pk": 34, "fields": {"product": 16, "image": "goods/Смартфон HUAWEI P50 Pocket 12 512 ГБ/6387420754.jpg"}}, {"model": "app_shop.productimage", "pk": 35, "fields": {"product": 16, "image": "goods/Смартфон HUAWEI P50 Pocket 12 512 ГБ/6387420743.jpg"}}, {"model": "app_shop.productimage", "pk": 36, "fields": {"product": 17, "image": "goods/Смартфон HUAWEI nova Y90 4 128 ГБ/6394117515.jpg"}}, {"model": "app_shop.productimage", "pk": 37, "fields": {"product": 17, "image": "goods/Смартфон HUAWEI nova Y90 4 128 ГБ/6394117917.jpg"}}, {"model": "app_shop.productimage", "pk": 38, "fields": {"product": 17, "image": "goods/Смартфон HUAWEI nova Y90 4 128 ГБ/6394117921.jpg"}}, {"model": "app_shop.productimage", "pk": 39, "fields": {"product": 17, "image": "goods/Смартфон HUAWEI nova Y90 4 128 ГБ/6394117912.jpg"}}, {"model": "app_shop.productimage", "pk": 40, "fields": {"product": 17, "image": "goods/Смартфон HUAWEI nova Y90 4 128 ГБ/6394117916.jpg"}}, {"model": "app_shop.productimage", "pk": 41, "fields": {"product": 18, "image": "goods/Смартфон Xiaomi 12 Lite 8 256 ГБ/6385989419.jpg"}}, {"model": "app_shop.productimage", "pk": 42, "fields": {"product": 18, "image": "goods/Смартфон Xiaomi 12 Lite 8 256 ГБ/6385989409.jpg"}}, {"model": "app_shop.productimage", "pk": 43, "fields": {"product": 18, "image": "goods/Смартфон Xiaomi 12 Lite 8 256 ГБ/6385989411.jpg"}}, {"model": "app_shop.productimage", "pk": 44, "fields": {"product": 6, "image": "goods/Телевизор Philips 55 Ultra HD/6162676682.jpg"}}, {"model": "app_shop.productimage", "pk": 45, "fields": {"product": 6, "image": "goods/Телевизор Philips 55 Ultra HD/6162676676.jpg"}}, {"model": "app_shop.productimage", "pk": 46, "fields": {"product": 6, "image": "goods/Телевизор Philips 55 Ultra HD/6162676678.jpg"}}, {"model": "app_shop.productimage", "pk": 47, "fields": {"product": 15, "image": "goods/Смартфон HUAWEI nova Y70 4 128 ГБ/6378046079.jpg"}}, {"model": "app_shop.productimage", "pk": 48, "fields": {"product": 15, "image": "goods/Смартфон HUAWEI nova Y70 4 128 ГБ/6378046291.jpg"}}, {"model": "app_shop.productimage", "pk": 49, "fields": {"product": 15, "image": "goods/Смартфон HUAWEI nova Y70 4 128 ГБ/6378046287.jpg"}}, {"model": "app_shop.productimage", "pk": 50, "fields": {"product": 15, "image": "goods/Смартфон HUAWEI nova Y70 4 128 ГБ/6394411202.jpg"}}, {"model": "app_shop.productimage", "pk": 51, "fields": {"product": 8, "image": "goods/Телевизор Samsung 75 4K UHD/6369512480.jpg"}}, {"model": "app_shop.productimage", "pk": 52, "fields": {"product": 8, "image": "goods/Телевизор Samsung 75 4K UHD/6369512478.jpg"}}, {"model": "app_shop.productimage", "pk": 53, "fields": {"product": 8, "image": "goods/Телевизор Samsung 75 4K UHD/6480179468.jpg"}}, {"model": "app_shop.productimage", "pk": 54, "fields": {"product": 5, "image": "goods/Телевизор Supra 43 Full HD/6468782665.jpg"}}, {"model": "app_shop.productimage", "pk": 55, "fields": {"product": 7, "image": "goods/Телевизор Xiaomi 43 4K UHD/6090848916.jpg"}}, {"model": "app_shop.productimage", "pk": 56, "fields": {"product": 7, "image": "goods/Телевизор Xiaomi 43 4K UHD/6090848925.jpg"}}, {"model": "app_shop.productimage", "pk": 57, "fields": {"product": 7, "image": "goods/Телевизор Xiaomi 43 4K UHD/6090848930.jpg"}}, {"model": "app_shop.productimage", "pk": 58, "fields": {"product": 19, "image": "goods/Беспроводные наушники JBL Tune 230NC TWS/6147765886.jpg"}}, {"model": "app_shop.productimage", "pk": 59, "fields": {"product": 19, "image": "goods/Беспроводные наушники JBL Tune 230NC TWS/6147765904.jpg"}}, {"model": "app_shop.productimage", "pk": 60, "fields": {"product": 19, "image": "goods/Беспроводные наушники JBL Tune 230NC TWS/6147765867.jpg"}}, {"model": "app_shop.productimage", "pk": 65, "fields": {"product": 21, "image": "goods/Беспроводные наушники Apple AirPods 3/6404158568.jpg"}}, {"model": "app_shop.productimage", "pk": 66, "fields": {"product": 21, "image": "goods/Беспроводные наушники Apple AirPods 3/6404158567.jpg"}}, {"model": "app_shop.productimage", "pk": 67, "fields": {"product": 21, "image": "goods/Беспроводные наушники Apple AirPods 3/6404158565.jpg"}}, {"model": "app_shop.productimage", "pk": 68, "fields": {"product": 21, "image": "goods/Беспроводные наушники Apple AirPods 3/6404158561.jpg"}}, {"model": "app_shop.productimage", "pk": 69, "fields": {"product": 20, "image": "goods/Беспроводные наушники Apple AirPods 2/6404088816.jpg"}}, {"model": "app_shop.productimage", "pk": 70, "fields": {"product": 20, "image": "goods/Беспроводные наушники Apple AirPods 2/6366339990.jpg"}}, {"model": "app_shop.productimage", "pk": 71, "fields": {"product": 20, "image": "goods/Беспроводные наушники Apple AirPods 2/6404088813.jpg"}}, {"model": "app_shop.productimage", "pk": 72, "fields": {"product": 20, "image": "goods/Беспроводные наушники Apple AirPods 2/6404088815.jpg"}}, {"model": "app_shop.productimage", "pk": 73, "fields": {"product": 22, "image": "goods/Смартфон Apple iPhone 12 64 ГБ/6025763826.jpg"}}, {"model": "app_shop.productimage", "pk": 74, "fields": {"product": 22, "image": "goods/Смартфон Apple iPhone 12 64 ГБ/6025763836.jpg"}}, {"model": "app_shop.productimage", "pk": 75, "fields": {"product": 22, "image": "goods/Смартфон Apple iPhone 12 64 ГБ/6025763837.jpg"}}, {"model": "app_shop.productimage", "pk": 76, "fields": {"product": 22, "image": "goods/Смартфон Apple iPhone 12 64 ГБ/6025763841.jpg"}}, {"model": "app_shop.productimage", "pk": 77, "fields": {"product": 23, "image": "goods/Смартфон Apple iPhone 14 Pro 128 ГБ/6404606894.jpg"}}, {"model": "app_shop.productimage", "pk": 78, "fields": {"product": 23, "image": "goods/Смартфон Apple iPhone 14 Pro 128 ГБ/6404606906.jpg"}}, {"model": "app_shop.productimage", "pk": 79, "fields": {"product": 23, "image": "goods/Смартфон Apple iPhone 14 Pro 128 ГБ/6404606912.jpg"}}, {"model": "app_shop.productimage", "pk": 80, "fields": {"product": 24, "image": "goods/Акустическая система JBL Control 25 1 WH/6496192255.jpg"}}, {"model": "app_shop.productimage", "pk": 81, "fields": {"product": 24, "image": "goods/Акустическая система JBL Control 25 1 WH/6496192254.jpg"}}, {"model": "app_shop.productimage", "pk": 82, "fields": {"product": 25, "image": "goods/Стиральная машина Candy CS4 1051DB1/6122562531.jpg"}}, {"model": "app_shop.productimage", "pk": 83, "fields": {"product": 25, "image": "goods/Стиральная машина Candy CS4 1051DB1/6270670116.jpg"}}, {"model": "app_shop.productimage", "pk": 84, "fields": {"product": 25, "image": "goods/Стиральная машина Candy CS4 1051DB1/6270670124.jpg"}}, {"model": "app_shop.productimage", "pk": 85, "fields": {"product": 25, "image": "goods/Стиральная машина Candy CS4 1051DB1/6270670132.jpg"}}, {"model": "app_shop.productimage", "pk": 86, "fields": {"product": 25, "image": "goods/Стиральная машина Candy CS4 1051DB1/6270670140.jpg"}}, {"model": "app_shop.productimage", "pk": 87, "fields": {"product": 25, "image": "goods/Стиральная машина Candy CS4 1051DB1/6270670147.jpg"}}, {"model": "app_shop.productimage", "pk": 88, "fields": {"product": 26, "image": "goods/Стиральная машина Samsung WW65A4S21CX LD/6416212963.jpg"}}, {"model": "app_shop.productimage", "pk": 89, "fields": {"product": 26, "image": "goods/Стиральная машина Samsung WW65A4S21CX LD/6416212998.jpg"}}, {"model": "app_shop.productimage", "pk": 90, "fields": {"product": 26, "image": "goods/Стиральная машина Samsung WW65A4S21CX LD/6416212999.jpg"}}, {"model": "app_shop.productimage", "pk": 91, "fields": {"product": 26, "image": "goods/Стиральная машина Samsung WW65A4S21CX LD/6312055312.jpg"}}, {"model": "app_shop.productimage", "pk": 92, "fields": {"product": 27, "image": "goods/Стиральная машина Weissgauff WM 40275 TD/6048123222.jpg"}}, {"model": "app_shop.productimage", "pk": 93, "fields": {"product": 27, "image": "goods/Стиральная машина Weissgauff WM 40275 TD/6455829407.jpg"}}, {"model": "app_shop.productimage", "pk": 94, "fields": {"product": 27, "image": "goods/Стиральная машина Weissgauff WM 40275 TD/6455829484.jpg"}}, {"model": "app_shop.productimage", "pk": 95, "fields": {"product": 27, "image": "goods/Стиральная машина Weissgauff WM 40275 TD/6009187981.jpg"}}, {"model": "app_shop.productimage", "pk": 96, "fields": {"product": 28, "image": "goods/Электрический чайник Scarlett SC EK27G36/6256361324.jpg"}}, {"model": "app_shop.productimage", "pk": 97, "fields": {"product": 28, "image": "goods/Электрический чайник Scarlett SC EK27G36/6256361304.jpg"}}, {"model": "app_shop.productimage", "pk": 98, "fields": {"product": 28, "image": "goods/Электрический чайник Scarlett SC EK27G36/6152139920.jpg"}}, {"model": "app_shop.productimage", "pk": 99, "fields": {"product": 28, "image": "goods/Электрический чайник Scarlett SC EK27G36/6152139921.jpg"}}, {"model": "app_shop.productimage", "pk": 100, "fields": {"product": 29, "image": "goods/Электрический чайник Scarlett SC EK18P49/6484879884.jpg"}}, {"model": "app_shop.productimage", "pk": 101, "fields": {"product": 29, "image": "goods/Электрический чайник Scarlett SC EK18P49/6484879887.jpg"}}, {"model": "app_shop.productimage", "pk": 102, "fields": {"product": 29, "image": "goods/Электрический чайник Scarlett SC EK18P49/6484879885.jpg"}}, {"model": "app_shop.productimage", "pk": 103, "fields": {"product": 30, "image": "goods/Электрический чайник Supra 1 8 литра 1500 Вт/6260185409.jpg"}}, {"model": "app_shop.productimage", "pk": 104, "fields": {"product": 30, "image": "goods/Электрический чайник Supra 1 8 литра 1500 Вт/6260185408.jpg"}}, {"model": "app_shop.productimage", "pk": 105, "fields": {"product": 30, "image": "goods/Электрический чайник Supra 1 8 литра 1500 Вт/6260185420.jpg"}}, {"model": "app_shop.productimage", "pk": 106, "fields": {"product": 30, "image": "goods/Электрический чайник Supra 1 8 литра 1500 Вт/6260185422.jpg"}}, {"model": "app_shop.productimage", "pk": 107, "fields": {"product": 30, "image": "goods/Электрический чайник Supra 1 8 литра 1500 Вт/6260185407.jpg"}}, {"model": "app_shop.productimage", "pk": 108, "fields": {"product": 31, "image": "goods/Электрический чайник Philips HD9352 80/6000845633.jpg"}}, {"model": "app_shop.productimage", "pk": 109, "fields": {"product": 31, "image": "goods/Электрический чайник Philips HD9352 80/6000845634.jpg"}}, {"model": "app_shop.productimage", "pk": 110, "fields": {"product": 31, "image": "goods/Электрический чайник Philips HD9352 80/6000845635.jpg"}}, {"model": "app_shop.productimage", "pk": 111, "fields": {"product": 31, "image": "goods/Электрический чайник Philips HD9352 80/6000845636.jpg"}}, {"model": "app_shop.productimage", "pk": 112, "fields": {"product": 32, "image": "goods/Термопот SUPRA 3 5 литра/6098744385.jpg"}}, {"model": "app_shop.productimage", "pk": 113, "fields": {"product": 32, "image": "goods/Термопот SUPRA 3 5 литра/6098744320.jpg"}}, {"model": "app_shop.productimage", "pk": 114, "fields": {"product": 32, "image": "goods/Термопот SUPRA 3 5 литра/6098744344.jpg"}}, {"model": "app_shop.productimage", "pk": 115, "fields": {"product": 32, "image": "goods/Термопот SUPRA 3 5 литра/6098744438.jpg"}}, {"model": "app_shop.productimage", "pk": 116, "fields": {"product": 32, "image": "goods/Термопот SUPRA 3 5 литра/6098744485.jpg"}}, {"model": "app_shop.productimage", "pk": 117, "fields": {"product": 33, "image": "goods/Микроволновая печь Candy Timeless/6361964958.jpg"}}, {"model": "app_shop.productimage", "pk": 118, "fields": {"product": 33, "image": "goods/Микроволновая печь Candy Timeless/6361965043.jpg"}}, {"model": "app_shop.productimage", "pk": 119, "fields": {"product": 33, "image": "goods/Микроволновая печь Candy Timeless/6361965027.jpg"}}, {"model": "app_shop.productimage", "pk": 120, "fields": {"product": 33, "image": "goods/Микроволновая печь Candy Timeless/6361964993.jpg"}}, {"model": "app_shop.productimage", "pk": 121, "fields": {"product": 34, "image": "goods/Микроволновая печь Candy CMW20SMWLI 07/6467068137.jpg"}}, {"model": "app_shop.productimage", "pk": 122, "fields": {"product": 34, "image": "goods/Микроволновая печь Candy CMW20SMWLI 07/6467068282.jpg"}}, {"model": "app_shop.productimage", "pk": 123, "fields": {"product": 35, "image": "goods/Микроволновая печь Samsung GE 83KRW 2/1019942309.jpg"}}, {"model": "app_shop.productimage", "pk": 124, "fields": {"product": 36, "image": "goods/Автоматическая кофемашина DeLonghi/6500281708.jpg"}}, {"model": "app_shop.productimage", "pk": 125, "fields": {"product": 36, "image": "goods/Автоматическая кофемашина DeLonghi/6500281705.jpg"}}, {"model": "app_shop.productimage", "pk": 126, "fields": {"product": 36, "image": "goods/Автоматическая кофемашина DeLonghi/6500281659.jpg"}}, {"model": "app_shop.productimage", "pk": 127, "fields": {"product": 36, "image": "goods/Автоматическая кофемашина DeLonghi/6500281704.jpg"}}, {"model": "app_shop.productimage", "pk": 128, "fields": {"product": 37, "image": "goods/Автоматическая кофемашина DeLonghi Nespresso/6089725494.jpg"}}, {"model": "app_shop.productimage", "pk": 129, "fields": {"product": 37, "image": "goods/Автоматическая кофемашина DeLonghi Nespresso/6089725499.jpg"}}, {"model": "app_shop.productimage", "pk": 130, "fields": {"product": 38, "image": "goods/Духовой шкаф Bosch HBF114ES1R/6427549376.jpg"}}, {"model": "app_shop.productimage", "pk": 131, "fields": {"product": 38, "image": "goods/Духовой шкаф Bosch HBF114ES1R/6496340746.jpg"}}, {"model": "app_shop.productimage", "pk": 132, "fields": {"product": 38, "image": "goods/Духовой шкаф Bosch HBF114ES1R/6496340745.jpg"}}, {"model": "app_shop.productimage", "pk": 133, "fields": {"product": 38, "image": "goods/Духовой шкаф Bosch HBF114ES1R/6496340744.jpg"}}, {"model": "app_shop.productimage", "pk": 134, "fields": {"product": 39, "image": "goods/Духовой шкаф Bosch HBA534BW0/6478658225.jpg"}}, {"model": "app_shop.productimage", "pk": 135, "fields": {"product": 39, "image": "goods/Духовой шкаф Bosch HBA534BW0/6478659078.jpg"}}, {"model": "app_shop.productimage", "pk": 136, "fields": {"product": 39, "image": "goods/Духовой шкаф Bosch HBA534BW0/6478659075.jpg"}}, {"model": "app_shop.productimage", "pk": 137, "fields": {"product": 39, "image": "goods/Духовой шкаф Bosch HBA534BW0/6478659081.jpg"}}, {"model": "app_shop.productimage", "pk": 138, "fields": {"product": 40, "image": "goods/Духовой шкаф Weissgauff EOV 302 SW/6322117830.jpg"}}, {"model": "app_shop.productimage", "pk": 139, "fields": {"product": 40, "image": "goods/Духовой шкаф Weissgauff EOV 302 SW/6301005778.jpg"}}, {"model": "app_shop.productimage", "pk": 140, "fields": {"product": 40, "image": "goods/Духовой шкаф Weissgauff EOV 302 SW/6301005776.jpg"}}, {"model": "app_shop.productimage", "pk": 141, "fields": {"product": 40, "image": "goods/Духовой шкаф Weissgauff EOV 302 SW/6498719115.jpg"}}, {"model": "app_shop.productimage", "pk": 142, "fields": {"product": 41, "image": "goods/Духовой шкаф Gefest ЭДВ ДА 622 02 С/6041424197.jpg"}}, {"model": "app_shop.productimage", "pk": 143, "fields": {"product": 42, "image": "goods/Духовой шкаф GEFEST ЭДВ ДА 602 02 К74/6126089400.jpg"}}, {"model": "app_shop.review", "pk": 1, "fields": {"product": 6, "user": 5, "text": "Телевизор брался на замену старому hd филлипсу 43 дюйма. Так как привыкли уже к эмбилайту. Четкость картинки шикарная, скорость работы - шустрый отклик на пульт. Ничего не тормозит. 8 гиг памяти расширяются обычной флешкой с высокой скоростью.  ", "created_at": "2022-12-07T10:35:02.675Z"}}, {"model": "app_shop.review", "pk": 2, "fields": {"product": 15, "user": 4, "text": "Покупала для ребенка 12 лет довольный можный аккумулятор быстрая зарядка. Советую к покупке.", "created_at": "2022-12-07T13:40:25.641Z"}}, {"model": "app_shop.review", "pk": 3, "fields": {"product": 15, "user": 2, "text": "Телефон пришёл в хорошем состоянии запакован был в полителен. Все целое. Заряжен на 22 процента вечер разбирательства с менюшкой снял 10 процентов. Не сразу смогла его подключить. Немного неудобно без плей маркета, но привыкну. Разбираюсь с интернетом. Много всего интересного в нем. Передал не все приложения хотя предыдущий телефон тоже был хуавей.было наклеено защитное стекло. качество фото нормальное. Пока довольна всем.", "created_at": "2022-12-07T13:41:49.731Z"}}, {"model": "app_shop.review", "pk": 4, "fields": {"product": 15, "user": 5, "text": "брал в подарок дочке. осталась довольная телефоном", "created_at": "2022-12-07T15:35:39.139Z"}}, {"model": "app_shop.review", "pk": 7, "fields": {"product": 15, "user": 3, "text": "Отличный телефон для детей/ролителей. Ожиданий завышенных не было, за свои женьги есть все что надо. Нет сервисов Гугл, но если телефон родителям, то, в целом, они и не нужны. большинство программ есть в маркете Хуавей либо сторонние АПК модно скачать и установить ", "created_at": "2022-12-13T09:41:27.841Z"}}, {"model": "app_shop.review", "pk": 8, "fields": {"product": 15, "user": 9, "text": "Работает прекрасно, фото хорошее, изображения отлично. Зарядку держит уже 3 день. ", "created_at": "2022-12-13T15:10:41.085Z"}}, {"model": "app_shop.review", "pk": 9, "fields": {"product": 15, "user": 10, "text": "Достоинства: Шустрый, большой экран и хорошая камера. соотношение цена-качество устраивает.  \r\nНедостатки: Нет чехла, а сам телефон хлипкий. Снимаю звезду за это, так как у ксяоми в той же ценовой категории чехол в комплекте был. Очень непривычное жестовое управление, сменить его на кнопки невозможно. Брала телефон для дедушки, он так и не может научиться, так как привык к навигации внизу экрана. ", "created_at": "2022-12-13T15:25:56.279Z"}}, {"model": "app_shop.review", "pk": 10, "fields": {"product": 15, "user": 11, "text": "Хороший телефон. Покупала ребёнку и он счастлив. Отсутствие Google play не принёс неудобств, справились и без него. Всё работает без проблем. Однозначно рекомендую к покупке.", "created_at": "2022-12-13T15:44:05.904Z"}}, {"model": "app_shop.productviewed", "pk": 4, "fields": {"user": 3, "product": 15, "viewed_at": "2022-12-13T14:24:31.539Z"}}, {"model": "app_shop.productviewed", "pk": 5, "fields": {"user": 3, "product": 6, "viewed_at": "2022-12-13T14:18:30.281Z"}}, {"model": "app_shop.productviewed", "pk": 6, "fields": {"user": 9, "product": 15, "viewed_at": "2022-12-13T15:10:49.336Z"}}, {"model": "app_shop.productviewed", "pk": 7, "fields": {"user": 10, "product": 15, "viewed_at": "2022-12-21T09:41:52.184Z"}}, {"model": "app_shop.productviewed", "pk": 8, "fields": {"user": 11, "product": 11, "viewed_at": "2022-12-13T15:40:36.909Z"}}, {"model": "app_shop.productviewed", "pk": 9, "fields": {"user": 11, "product": 15, "viewed_at": "2022-12-13T15:44:15.409Z"}}, {"model": "app_shop.productviewed", "pk": 10, "fields": {"user": 11, "product": 3, "viewed_at": "2022-12-15T09:28:17.615Z"}}, {"model": "app_shop.productviewed", "pk": 11, "fields": {"user": 11, "product": 4, "viewed_at": "2022-12-15T12:08:17.295Z"}}, {"model": "app_shop.productviewed", "pk": 19, "fields": {"user": 10, "product": 3, "viewed_at": "2022-12-21T09:41:04.389Z"}}, {"model": "app_shop.productviewed", "pk": 20, "fields": {"user": 2, "product": 24, "viewed_at": "2023-01-20T11:08:16.105Z"}}, {"model": "app_shop.productviewed", "pk": 22, "fields": {"user": 2, "product": 20, "viewed_at": "2023-01-16T14:22:10.597Z"}}, {"model": "app_shop.productviewed", "pk": 23, "fields": {"user": 2, "product": 21, "viewed_at": "2023-01-16T15:35:03.464Z"}}, {"model": "app_shop.productviewed", "pk": 24, "fields": {"user": 2, "product": 7, "viewed_at": "2023-01-23T13:06:13.883Z"}}, {"model": "app_shop.productviewed", "pk": 25, "fields": {"user": 2, "product": 26, "viewed_at": "2023-01-20T11:08:02.518Z"}}, {"model": "app_shop.productviewed", "pk": 26, "fields": {"user": 2, "product": 6, "viewed_at": "2023-01-23T13:06:58.553Z"}}, {"model": "app_shop.productviewed", "pk": 27, "fields": {"user": 2, "product": 9, "viewed_at": "2023-01-20T11:19:02.857Z"}}, {"model": "app_shop.productviewed", "pk": 28, "fields": {"user": 2, "product": 5, "viewed_at": "2023-01-23T13:07:16.582Z"}}, {"model": "app_shop.productviewed", "pk": 34, "fields": {"user": 1, "product": 32, "viewed_at": "2023-04-18T02:21:54.134Z"}}, {"model": "app_shop.productviewed", "pk": 36, "fields": {"user": 5, "product": 26, "viewed_at": "2023-02-07T14:46:16.946Z"}}, {"model": "app_shop.productviewed", "pk": 37, "fields": {"user": 5, "product": 27, "viewed_at": "2023-02-07T14:46:32.711Z"}}, {"model": "app_shop.productviewed", "pk": 38, "fields": {"user": 5, "product": 25, "viewed_at": "2023-02-07T14:47:13.685Z"}}, {"model": "app_shop.productviewed", "pk": 39, "fields": {"user": 5, "product": 33, "viewed_at": "2023-02-07T14:47:23.983Z"}}, {"model": "app_shop.productviewed", "pk": 40, "fields": {"user": 5, "product": 34, "viewed_at": "2023-02-07T14:47:48.588Z"}}, {"model": "app_shop.productviewed", "pk": 41, "fields": {"user": 1, "product": 25, "viewed_at": "2024-08-10T18:00:57.739Z"}}, {"model": "app_shop.productviewed", "pk": 42, "fields": {"user": 1, "product": 39, "viewed_at": "2024-08-10T17:50:22.577Z"}}, {"model": "app_shop.productviewed", "pk": 43, "fields": {"user": 1, "product": 30, "viewed_at": "2024-08-10T17:50:33.526Z"}}, {"model": "app_shop.productviewed", "pk": 44, "fields": {"user": 1, "product": 20, "viewed_at": "2024-08-12T14:23:17.497Z"}}, {"model": "app_shop.productviewed", "pk": 45, "fields": {"user": 1, "product": 10, "viewed_at": "2024-08-10T17:55:56.654Z"}}, {"model": "app_shop.productviewed", "pk": 46, "fields": {"user": 1, "product": 28, "viewed_at": "2024-08-12T15:04:29.854Z"}}, {"model": "app_shop.productviewed", "pk": 47, "fields": {"user": 1, "product": 29, "viewed_at": "2024-08-12T16:15:48.127Z"}}]